fid,Sample Site:,Site Code:,Species Code:,Species latin,Latitude,Longitude,layer,DBH,DBH Round,index,,
472,St. Catherine de Sienne School,I12,GLTR,Gleditsia Triacanthos,45.461346,-73.6434784,CSC4,24.5,25,1,,
473,St. Catherine de Sienne School,I12,GLTR,Gleditsia Triacanthos,45.4612853,-73.6435243,CSC4,20.9,21,2,,
474,St. Catherine de Sienne School,I12,GLTR,Gleditsia Triacanthos,45.4612253,-73.6435676,CSC4,21.7,22,3,,
475,St. Catherine de Sienne School,I12,MABA,Malus Robusta 'Erecta',45.4609946,-73.6437332,CSC8,64.8,65,4,,
476,St. Catherine de Sienne School,I12,MCAM,Maackia Amurensis,45.4608808,-73.6438368,CSC8,6.7,7,5,,
477,St. Catherine de Sienne School,I12,AMGR,Amelanchier x grandiflora,45.4608093,-73.6438821,CSC7,9.3,9,6,,
478,St. Catherine de Sienne School,I12,MCAM,Maackia Amurensis,45.4606193,-73.6440212,CSC2,5.2,5,7,,
481,St. Catherine de Sienne School,I12,ACSC,Acer Saccharum,45.4608265,-73.6446532,CSC9,54.2,54,10,,
483,St. Catherine de Sienne School,I12,QUBI,Quercus Bicolor,45.4609499,-73.6445328,CSC5,5.9,6,12,,
484,St. Catherine de Sienne School,I12,ACRU,Acer Rubrum,45.4609257,-73.6444309,CSC9,7.5,8,13,,
485,St. Catherine de Sienne School,I12,CEOC,Celtis Occidentalis,45.4609121,-73.6445164,CSC9,6.8,7,14,,
486,St. Catherine de Sienne School,I12,ULPU,Ulmus Pumila,45.4611663,-73.6443816,CSC5,6.1,6,15,,
487,St. Catherine de Sienne School,I12,ALGL,Alnus Glutinosa,45.4612331,-73.6443364,CSC1,5.3,5,16,,
488,St. Catherine de Sienne School,I12,TICO,Tilia Cordata,45.4612695,-73.6443216,CSC1,10.7,11,17,,
490,St. Catherine de Sienne School,I12,THOC,Thuja Occidentalis,45.461341,-73.6442609,CSC1,10.7,11,19,,
491,St. Catherine de Sienne School,I12,THOC,Thuja Occidentalis,45.4613695,-73.6442418,CSC1,6.8,7,20,,
492,St. Catherine de Sienne School,I12,THOC,Thuja Occidentalis,45.4613951,-73.6442234,CSC1,10.1,10,21,,
493,St. Catherine de Sienne School,I12,THOC,Thuja Occidentalis,45.4614283,-73.6441888,CSC1,9.7,10,22,,
494,St. Catherine de Sienne School,I12,THOC,Thuja Occidentalis,45.4614534,-73.6441721,CSC1,9.6,10,23,,
496,St. Catherine de Sienne School,I12,TICO,Tilia Cordata,45.4615129,-73.6441265,CSC1,8.6,9,25,,
497,St. Catherine de Sienne School,I12,ALGL,Alnus Glutinosa,45.4615614,-73.6440903,CSC3,5,5,26,,
498,St. Catherine de Sienne School,I12,PNRE,Pinus Resinosa,45.4615614,-73.6440903,CSC3,5.3,5,27,,
499,St. Catherine de Sienne School,I12,PNRE,Pinus Resinosa,45.4616686,-73.6440219,CSC3,6,6,28,,
501,St. Catherine de Sienne School,I12,AMAR,Amelanchier Arborea,45.461642,-73.6437818,CSC3,6.1,6,30,,
503,St. Catherine de Sienne School,I12,GIBI,Ginkgo Biloba,45.4615517,-73.643584,CSC3,7.6,8,32,,
122,St. Catherine de Sienne Church,I4,ACPL,Acer Platanoides,45.4612491,-73.6432692,CC6,55.3,55,33,,
123,St. Catherine de Sienne Church,I4,SYVU,Syringa Vulgaris,45.4612002,-73.6432266,CC6,32.1,32,34,,
124,St. Catherine de Sienne Church,I4,GYDI,Gymnocladus Dioicus,45.461206,-73.6430693,CC6,16,16,35,,
125,St. Catherine de Sienne Church,I4,GYDI,Gymnocladus Dioicus,45.461148,-73.6429258,CC6,18.9,19,36,,
126,St. Catherine de Sienne Church,I4,ACPL,Acer Platanoides,45.4611004,-73.6428517,CC7,29.5,30,37,,
127,St. Catherine de Sienne Church,I4,GYDI,Gymnocladus Dioicus,45.4610576,-73.6427961,CC7,17.5,18,38,,
128,St. Catherine de Sienne Church,I4,PRCE,Prunus Cerasifera,45.4612034,-73.6433097,CC6,7.9,8,39,,
129,St. Catherine de Sienne Church,I4,ACPL,Acer Platanoides,45.4610445,-73.6434609,CC2,74,74,40,,
130,St. Catherine de Sienne Church,I4,PRDO,Prunus Domestica,45.4607444,-73.6429862,CC5,11.1,11,41,,
131,St. Catherine de Sienne Church,I4,PYCO,Pyrus Communis,45.4607089,-73.642951,CC5,8.6,9,42,,
132,St. Catherine de Sienne Church,I4,THOC,Thuja Occidentalis,45.4608197,-73.6429761,CC5,68.7,69,43,,
133,St. Catherine de Sienne Church,I4,THOC,Thuja Occidentalis,45.4607766,-73.6429486,CC5,59.9,60,44,,
134,St. Catherine de Sienne Church,I4,THOC,Thuja Occidentalis,45.4608194,-73.6429721,CC5,26.3,26,45,,
135,St. Catherine de Sienne Church,I4,ACSA,Acer Saccharinum,45.4609601,-73.6435441,CC2,70.6,71,46,,
136,St. Catherine de Sienne Church,I4,ACSA,Acer Saccharinum,45.4608446,-73.6436363,CC8,19,19,47,,
137,St. Catherine de Sienne Church,I4,ACPL,Acer Platanoides,45.46072,-73.6435454,CC3,80.5,81,48,,
138,St. Catherine de Sienne Church,I4,ACPL,Acer Platanoides,45.4606849,-73.6434174,CC3,61.6,62,49,,
139,St. Catherine de Sienne Church,I4,ACPL,Acer Platanoides,45.4606273,-73.6432621,CC4,56.8,57,50,,
140,St. Catherine de Sienne Church,I4,GLTR,Gleditsia Triacanthos,45.4605589,-73.6431116,CC4,4.5,5,51,,
141,St. Catherine de Sienne Church,I4,THOC,Thuja Occidentalis,45.4608039,-73.6432574,CC5,20,20,52,,
142,St. Catherine de Sienne Church,I4,THOC,Thuja Occidentalis,45.4608107,-73.6432363,CC5,6.7,7,53,,
143,St. Catherine de Sienne Church,I4,THOC,Thuja Occidentalis,45.4608227,-73.6432142,CC5,9.6,10,54,,
144,St. Catherine de Sienne Church,I4,THOC,Thuja Occidentalis,45.4608787,-73.6431864,CC8,8.8,9,55,,
145,St. Catherine de Sienne Church,I4,THOC,Thuja Occidentalis,45.460882,-73.6431682,CC8,10,10,56,,
146,St. Catherine de Sienne Church,I4,THOC,Thuja Occidentalis,45.460886,-73.6431807,CC8,11.1,11,57,,
147,St. Catherine de Sienne Church,I4,THOC,Thuja Occidentalis,45.460873,-73.6431568,CC8,4.5,5,58,,
148,St. Catherine de Sienne Church,I4,PIRU,Picea Rubens,45.4609147,-73.6432078,CC8,15.1,15,59,,
149,St. Catherine de Sienne Church,I4,SYVU,Syringa Vulgaris,45.4609234,-73.6432306,CC2,29.1,29,60,,
150,St. Catherine de Sienne Church,I4,SYVU,Syringa Vulgaris,45.460973,-73.643338,CC2,88.6,89,61,,
261,College Prep International,I7,JUVI,Juniperus Virginiana,45.4542246,-73.6422928,CP2,8.1,8,62,,
262,College Prep International,I7,TITO,Tilia Tomentosa,45.4542726,-73.642097,CP1,5.9,6,63,,
263,College Prep International,I7,ACSA,Acer Saccharinum,45.4541237,-73.6422436,CP2,48.8,49,64,,
264,College Prep International,I7,JUNI,Juglans Nigra,45.4541661,-73.6427123,CP2,16,16,65,,
504,Greaves Academy,I13,ACNE,Acer Negundo,45.4641248,-73.6233886,G5,14.5,15,66,,
505,Greaves Academy,I13,FRPE,Fraxinus Pennsylvanica,45.4641382,-73.6233048,G5,32.2,32,67,,
506,Greaves Academy,I13,TICO,Tilia Cordata,45.4640926,-73.62317,G5,66.1,66,68,,
1,St. Ignatius Church,I1,ACSA,Acer Saccharinum,45.4576223,-73.642785,IG5,67.1,67,69,,
2,St. Ignatius Church,I1,PIPU,Picea Pungens,45.4576477,-73.6426244,IG5,43.6,44,70,,
3,St. Ignatius Church,I1,PIPU,Picea Pungens,45.4576957,-73.6427264,IG5,43.5,44,71,,
4,St. Ignatius Church,I1,THOC,Thuja Occidentalis,45.4577199,-73.6425453,IG5,11.8,12,72,,
5,St. Ignatius Church,I1,AMCA,Amelanchier Canadensis,45.4577328,-73.6425671,IG5,52.1,52,73,,
6,St. Ignatius Church,I1,PIPU,Picea Pungens,45.4578354,-73.6425295,IG3,45.9,46,74,,
7,St. Ignatius Church,I1,CAAB,Caragana Arborescens 'Pendula',45.4579043,-73.6425577,IG3,19.9,20,75,,
8,St. Ignatius Church,I1,ACPL,Acer Platanoides,45.4576592,-73.6427066,IG5,61,61,76,,
9,St. Ignatius Church,I1,ACNE,Acer Negundo,45.4581874,-73.6425567,IG1,12.1,12,77,,
10,St. Ignatius Church,I1,ACNE,Acer Negundo,45.4582091,-73.6425537,IG1,42.6,43,78,,
11,St. Ignatius Church,I1,ACPL,Acer Platanoides,45.4582077,-73.6424866,IG1,27.4,27,79,,
12,St. Ignatius Church,I1,ULAM,Ulmus Americana,45.4582248,-73.6424816,IG1,37.3,37,80,,
13,St. Ignatius Church,I1,ACPL,Acer Platanoides,45.458246,-73.6424726,IG1,23,23,81,,
14,St. Ignatius Church,I1,ROWO,Rosa Woodsii,45.4581284,-73.6422744,IG1,25.2,25,82,,
15,St. Ignatius Church,I1,ACPL,Acer Platanoides,45.4581564,-73.6423029,IG1,55.3,55,83,,
16,St. Ignatius Church,I1,ACSA,Acer Saccharinum,45.4581065,-73.6422184,IG1,116.6,117,84,,
17,St. Ignatius Church,I1,ACSA,Acer Saccharinum,45.4574727,-73.642432,IG2,48.3,48,85,,
19,St. Ignatius Church,I1,TIAM,Tilia Americana,45.4575788,-73.642316,IG2,69.7,70,86,,
20,St. Ignatius Church,I1,ALGL,Alnus Glutinosa,45.4575894,-73.6422821,IG2,13.6,14,87,,
21,St. Ignatius Church,I1,ULXXFR,Ulmus 'Frontier',45.4576063,-73.6421778,IG2,52.7,53,88,,
22,St. Ignatius Church,I1,ACPL,Acer Platanoides,45.4580579,-73.6420025,IG7,15.1,15,89,,
23,St. Ignatius Church,I1,SOAU,Sorbus Aucuparia,45.45808,-73.6420297,IG7,11.4,11,90,,
24,St. Ignatius Church,I1,ACPL,Acer Platanoides,45.458091,-73.6420461,IG7,12.1,12,91,,
25,St. Ignatius Church,I1,TIAM,Tilia Americana,45.4575612,-73.6423036,IG2,22.4,22,92,,
26,St. Ignatius Church,I1,ULAM,Ulmus Americana,45.4579132,-73.6419515,IG4,9.8,10,93,,
27,St. Ignatius Church,I1,ULAM,Ulmus Americana,45.4579231,-73.6419656,IG4,6.2,6,94,,
28,St. Ignatius Church,I1,ULAM,Ulmus Americana,45.4579262,-73.6419784,IG4,6.9,7,95,,
29,St. Ignatius Church,I1,ULAM,Ulmus Americana,45.4579643,-73.6419187,IG4,20.4,20,96,,
30,St. Ignatius Church,I1,ULAM,Ulmus Americana,45.4579478,-73.641893,IG4,5.1,5,97,,
515,Judith Jasmine School,I15,ACPL,Acer Platanoides,45.4624808,-73.6395701,J17,41.8,42,98,,
516,Judith Jasmine School,I15,ACSA,Acer Saccharinum,45.4625857,-73.6398534,J17,82.7,83,99,,
517,Judith Jasmine School,I15,GLTR,Gleditsia Triacanthos,45.4625857,-73.6398534,J17,7.3,7,100,,
518,Judith Jasmine School,I15,PIPU,Picea Pungens,45.4628606,-73.6402249,J2,33.4,33,101,,
519,Judith Jasmine School,I15,SYVU,Syringa Vulgaris,45.4628827,-73.6402178,J2,17.4,17,102,,
520,Judith Jasmine School,I15,ACPL,Acer Platanoides,45.4629128,-73.6402872,J2,12.5,13,103,,
521,Judith Jasmine School,I15,PIPU,Picea Pungens,45.4628912,-73.6402979,J2,37.2,37,104,,
522,Judith Jasmine School,I15,ACPL,Acer Platanoides,45.4628361,-73.6405008,J1,65.5,66,105,,
523,Judith Jasmine School,I15,ACPL,Acer Platanoides,45.4629043,-73.6406607,J1,70.6,71,106,,
524,Judith Jasmine School,I15,ACPL,Acer Platanoides,45.4629824,-73.6408032,J10,84.7,85,107,,
525,Judith Jasmine School,I15,ACGI,Acer Ginnala,45.4631099,-73.6408988,J19,6.2,6,108,,
526,Judith Jasmine School,I15,GIBI,Ginkgo Biloba,45.4630925,-73.6409822,J19,5.6,6,109,,
527,Judith Jasmine School,I15,ACRU,Acer Rubrum,45.4631393,-73.6410201,J19,6.2,6,110,,
528,Judith Jasmine School,I15,GLTR,Gleditsia Triacanthos,45.4631315,-73.6410848,J19,8.5,9,111,,
529,Judith Jasmine School,I15,GLTR,Gleditsia Triacanthos,45.4631432,-73.639911,J14,7.5,8,112,,
530,Judith Jasmine School,I15,ULPU,Ulmus Pumila,45.4631703,-73.6398349,J20,8.3,8,113,,
531,Judith Jasmine School,I15,CEOC,Celtis Occidentalis,45.4632406,-73.6398467,J20,5.5,6,114,,
532,Judith Jasmine School,I15,GLTR,Gleditsia Triacanthos,45.4632641,-73.6397508,J20,7.7,8,115,,
533,Judith Jasmine School,I15,CEOC,Celtis Occidentalis,45.4636277,-73.6406332,J3,31.9,32,116,,
534,Judith Jasmine School,I15,ACGI,Acer Ginnala,45.463596,-73.640684,J3,5.8,6,117,,
535,Judith Jasmine School,I15,ACGI,Acer Ginnala,45.4635569,-73.6407087,J3,6.4,6,118,,
536,Judith Jasmine School,I15,CEOC,Celtis Occidentalis,45.463581,-73.640511,J3,9.5,10,119,,
537,Judith Jasmine School,I15,ACPL,Acer Platanoides,45.463531,-73.640393,J3,10.5,11,120,,
538,Judith Jasmine School,I15,CEOC,Celtis Occidentalis,45.463497,-73.640393,J12,23.5,24,121,,
539,Judith Jasmine School,I15,CEOC,Celtis Occidentalis,45.463452,-73.640168,J6,23.3,23,122,,
540,Judith Jasmine School,I15,CEOC,Celtis Occidentalis,45.463405,-73.640058,J6,9.3,9,123,,
541,Judith Jasmine School,I15,CEOC,Celtis Occidentalis,45.463304,-73.63981,J20,19,19,124,,
542,Judith Jasmine School,I15,CEOC,Celtis Occidentalis,45.463261,-73.639681,J20,23.6,24,125,,
543,Judith Jasmine School,I15,ACPL,Acer Platanoides,45.463225,-73.639563,J20,27.3,27,126,,
544,Judith Jasmine School,I15,CEOC,Celtis Occidentalis,45.463161,-73.639456,J11,26.6,27,127,,
545,Judith Jasmine School,I15,ACPL,Acer Platanoides,45.463139,-73.639367,J11,30.3,30,128,,
546,Judith Jasmine School,I15,ACPL,Acer Platanoides,45.463096,-73.639238,J11,30.7,31,129,,
547,Judith Jasmine School,I15,ACPL,Acer Platanoides,45.46303,-73.639136,J11,56.9,57,130,,
548,Judith Jasmine School,I15,ACSA,Acer Saccharinum,45.462725,-73.639323,J7,13.8,14,131,,
549,Judith Jasmine School,I15,ACNE,Acer Negundo,45.4627136,-73.6393381,J7,15.3,15,132,,
550,Judith Jasmine School,I15,ACPL,Acer Platanoides,45.4626534,-73.6393662,J7,8.6,9,133,,
551,Judith Jasmine School,I15,FRPE,Fraxinus Pennsylvanica,45.4626217,-73.6394038,J17,25.4,25,134,,
552,Judith Jasmine School,I15,ULAM,Ulmus Americana,45.4625794,-73.6394313,J17,105.6,106,135,,
274,Kells Primary Academy,I9,CEOC,Celtis Occidentalis,45.4621756,-73.6267508,KP6,18.6,19,136,,
275,Kells Primary Academy,I9,ACNE,Acer Negundo,45.4622652,-73.626688,KP4,117,117,137,,
276,Kells Primary Academy,I9,ACNE,Acer Negundo,45.4622833,-73.6265862,KP4,31.1,31,138,,
277,Kells Primary Academy,I9,THOC,Thuja Occidentalis,45.4621777,-73.6264329,KP8,17.4,17,139,,
278,Kells Primary Academy,I9,THOC,Thuja Occidentalis,45.4621747,-73.6263082,KP8,29.3,29,140,,
279,Kells Primary Academy,I9,THOC,Thuja Occidentalis,45.4621979,-73.6262881,KP8,24.3,24,141,,
280,Kells Primary Academy,I9,THOC,Thuja Occidentalis,45.4622106,-73.626268,KP8,19.7,20,142,,
281,Kells Primary Academy,I9,THOC,Thuja Occidentalis,45.4622356,-73.6262449,KP8,26.1,26,143,,
282,Kells Primary Academy,I9,THOC,Thuja Occidentalis,45.4622381,-73.6262278,KP8,28.2,28,144,,
283,Kells Primary Academy,I9,THOC,Thuja Occidentalis,45.4622492,-73.626212,KP8,31.4,31,145,,
284,Kells Primary Academy,I9,ACSA,Acer Saccharinum,45.4622156,-73.6261691,KP8,21,21,146,,
285,Kells Primary Academy,I9,ACSA,Acer Saccharinum,45.4621725,-73.6260387,KP8,20.8,21,147,,
286,Kells Primary Academy,I9,ACSA,Acer Saccharinum,45.462119,-73.626063,KP2,25.1,25,148,,
287,Kells Primary Academy,I9,ACSA,Acer Saccharinum,45.462074,-73.626146,KP2,17,17,149,,
288,Kells Primary Academy,I9,ACSA,Acer Saccharinum,45.462027,-73.626229,KP2,26,26,150,,
289,Kells Primary Academy,I9,ACSA,Acer Saccharinum,45.461984,-73.626318,KP2,25.4,25,151,,
290,Kells Primary Academy,I9,ACSA,Acer Saccharinum,45.461941,-73.626401,KP2,23.9,24,152,,
291,Kells Primary Academy,I9,GLTR,Gleditsia Triacanthos,45.46189,-73.626496,KP5,19.7,20,153,,
292,Kells Primary Academy,I9,GLTR,Gleditsia Triacanthos,45.461898,-73.626541,KP5,15.8,16,154,,
293,Kells Primary Academy,I9,GLTR,Gleditsia Triacanthos,45.461873,-73.626587,KP5,15,15,155,,
294,Kells Primary Academy,I9,GLTR,Gleditsia Triacanthos,45.461838,-73.62659,KP5,14.9,15,156,,
295,Kells Primary Academy,I9,THOC,Thuja Occidentalis,45.461773,-73.626821,KP10,22.9,23,157,,
296,Kells Primary Academy,I9,THOC,Thuja Occidentalis,45.461776,-73.62683,KP10,14.3,14,158,,
297,Kells Primary Academy,I9,THOC,Thuja Occidentalis,45.4617659,-73.626838,KP10,13.2,13,159,,
298,Kells Primary Academy,I9,THOC,Thuja Occidentalis,45.461783,-73.626843,KP10,16.1,16,160,,
299,Kells Primary Academy,I9,THOC,Thuja Occidentalis,45.461785,-73.626852,KP10,14.6,15,161,,
300,Kells Primary Academy,I9,THOC,Thuja Occidentalis,45.461789,-73.626862,KP10,17.2,17,162,,
301,Kells Primary Academy,I9,THOC,Thuja Occidentalis,45.461794,-73.626873,KP10,13.3,13,163,,
302,Kells Primary Academy,I9,THOC,Thuja Occidentalis,45.461798,-73.62688,KP10,13.2,13,164,,
303,Kells Primary Academy,I9,THOC,Thuja Occidentalis,45.461803,-73.626902,KP10,16.2,16,165,,
304,Kells Primary Academy,I9,THOC,Thuja Occidentalis,45.461801,-73.626891,KP10,11.7,12,166,,
305,Kells Primary Academy,I9,THOC,Thuja Occidentalis,45.461807,-73.626913,KP10,9.3,9,167,,
306,Kells Primary Academy,I9,THOC,Thuja Occidentalis,45.461809,-73.62692,KP10,17.2,17,168,,
307,Kells Primary Academy,I9,THOC,Thuja Occidentalis,45.461812,-73.626925,KP10,12.6,13,169,,
308,Kells Primary Academy,I9,THOC,Thuja Occidentalis,45.461813,-73.626934,KP10,11.4,11,170,,
309,Kells Primary Academy,I9,THOC,Thuja Occidentalis,45.461817,-73.626941,KP10,14.3,14,171,,
310,Kells Primary Academy,I9,THOC,Thuja Occidentalis,45.461819,-73.626946,KP10,13.2,13,172,,
311,Kells Primary Academy,I9,THOC,Thuja Occidentalis,45.461822,-73.626955,KP10,10.3,10,173,,
312,Kells Primary Academy,I9,THOC,Thuja Occidentalis,45.461826,-73.626964,KP10,11.2,11,174,,
313,Kells Primary Academy,I9,THOC,Thuja Occidentalis,45.461828,-73.626971,KP10,17.4,17,175,,
314,Kells Primary Academy,I9,THOC,Thuja Occidentalis,45.461831,-73.626978,KP10,12.2,12,176,,
315,Kells Primary Academy,I9,THOC,Thuja Occidentalis,45.461834,-73.626985,KP10,14.1,14,177,,
316,Kells Primary Academy,I9,THOC,Thuja Occidentalis,45.461837,-73.626992,KP10,13.2,13,178,,
317,Kells Primary Academy,I9,THOC,Thuja Occidentalis,45.46184,-73.626999,KP10,17.1,17,179,,
318,Kells Primary Academy,I9,THOC,Thuja Occidentalis,45.461844,-73.627004,KP10,16.2,16,180,,
319,Kells Primary Academy,I9,THOC,Thuja Occidentalis,45.461846,-73.627011,KP10,13.5,14,181,,
320,Kells Primary Academy,I9,THOC,Thuja Occidentalis,45.461845,-73.627017,KP10,17.6,18,182,,
321,Kells Primary Academy,I9,THOC,Thuja Occidentalis,45.461852,-73.627028,KP10,13.4,13,183,,
322,Kells Primary Academy,I9,ACNE,Acer Negundo,45.4619736,-73.6272728,KP9,33.3,33,184,,
323,Kells Primary Academy,I9,ACNE,Acer Negundo,45.4619442,-73.6273563,KP9,37.7,38,185,,
324,Kells Primary Academy,I9,ACNE,Acer Negundo,45.461927,-73.627386,KP9,34.7,35,186,,
325,Kells Primary Academy,I9,ACNE,Acer Negundo,45.461905,-73.627408,KP9,45.5,46,187,,
326,Kells Primary Academy,I9,ACNE,Acer Negundo,45.461883,-73.627443,KP9,30.6,31,188,,
327,Kells Primary Academy,I9,ACNE,Acer Negundo,45.461864,-73.627385,KP1,45,45,189,,
328,Kells Primary Academy,I9,ACPL,Acer Platanoides,45.4614974,-73.6272098,KP1,52.3,52,190,,
329,Kells Primary Academy,I9,ACPL,Acer Platanoides,45.4621053,-73.6267709,KP7,22.9,23,191,,
330,Kells Primary Academy,I9,PRSE,Prunus Serotina,45.4620855,-73.6267974,KP7,10.1,10,192,,
331,Kells Primary Academy,I9,THOC,Thuja Occidentalis,45.462074,-73.626849,KP7,10.2,10,193,,
332,Kells Primary Academy,I9,THOC,Thuja Occidentalis,45.462086,-73.626863,KP7,16.6,17,194,,
333,Kells Primary Academy,I9,THOC,Thuja Occidentalis,45.462094,-73.626873,KP7,6.8,7,195,,
334,Kells Primary Academy,I9,THOC,Thuja Occidentalis,45.462096,-73.62688,KP7,6,6,196,,
335,Kells Primary Academy,I9,THOC,Thuja Occidentalis,45.462096,-73.626903,KP7,5,5,197,,
336,Kells Primary Academy,I9,THOC,Thuja Occidentalis,45.46209,-73.626912,KP7,6.3,6,198,,
337,Kells Primary Academy,I9,THOC,Thuja Occidentalis,45.462088,-73.626921,KP7,8.3,8,199,,
338,Kells Primary Academy,I9,THOC,Thuja Occidentalis,45.462083,-73.626934,KP7,5.1,5,200,,
339,Kells Primary Academy,I9,THOC,Thuja Occidentalis,45.462078,-73.62695,KP7,9,9,201,,
340,Kells Primary Academy,I9,THOC,Thuja Occidentalis,45.46207,-73.626961,KP7,6.8,7,202,,
341,Kells Primary Academy,I9,MGXXSO,Magnolia Soulangeana,45.4621074,-73.6268621,KP7,15.2,15,203,,
342,Kells Primary Academy,I9,SYVU,Syringa Vulgaris,45.4620209,-73.6269808,KP7,8.1,8,204,,
343,Kells Primary Academy,I9,THOC,Thuja Occidentalis,45.462018,-73.626925,KP7,6.7,7,205,,
344,Kells Primary Academy,I9,THOC,Thuja Occidentalis,45.462034,-73.626939,KP7,9.2,9,206,,
345,Kells Primary Academy,I9,THOC,Thuja Occidentalis,45.462044,-73.626946,KP7,5.1,5,207,,
346,Kells Primary Academy,I9,THOC,Thuja Occidentalis,45.462049,-73.626957,KP7,8.7,9,208,,
347,Kells Primary Academy,I9,THOC,Thuja Occidentalis,45.462054,-73.626991,KP7,5.2,5,209,,
348,Kells Primary Academy,I9,THOC,Thuja Occidentalis,45.462052,-73.627,KP7,11.1,11,210,,
349,Kells Primary Academy,I9,THOC,Thuja Occidentalis,45.462044,-73.627013,KP7,7.3,7,211,,
350,Kells Primary Academy,I9,THOC,Thuja Occidentalis,45.462039,-73.627026,KP7,6.1,6,212,,
351,Kells Primary Academy,I9,THOC,Thuja Occidentalis,45.462032,-73.627031,KP7,6.8,7,213,,
352,Kells Primary Academy,I9,THOC,Thuja Occidentalis,45.462026,-73.627037,KP7,5.4,5,214,,
353,Kells Primary Academy,I9,THOC,Thuja Occidentalis,45.462017,-73.627042,KP7,6.9,7,215,,
354,Kells Primary Academy,I9,THOC,Thuja Occidentalis,45.462008,-73.627047,KP7,11.7,12,216,,
355,Kells Primary Academy,I9,THOC,Thuja Occidentalis,45.462001,-73.627048,KP7,5.6,6,217,,
356,Kells Primary Academy,I9,THOC,Thuja Occidentalis,45.46199,-73.627051,KP7,7.4,7,218,,
357,Kells Primary Academy,I9,THOC,Thuja Occidentalis,45.461984,-73.627048,KP7,11.3,11,219,,
358,Kells Primary Academy,I9,THOC,Thuja Occidentalis,45.461976,-73.627049,KP7,6.5,7,220,,
359,Kells Primary Academy,I9,THOC,Thuja Occidentalis,45.461969,-73.627052,KP7,7.9,8,221,,
360,Kells Primary Academy,I9,THOC,Thuja Occidentalis,45.461962,-73.62706,KP7,9.2,9,222,,
361,Kells Primary Academy,I9,THOC,Thuja Occidentalis,45.461959,-73.627055,KP7,10.4,10,223,,
362,Kells Primary Academy,I9,THOC,Thuja Occidentalis,45.461953,-73.627058,KP7,5.3,5,224,,
363,Kells Primary Academy,I9,THOC,Thuja Occidentalis,45.461951,-73.62706,KP7,6.7,7,225,,
364,Kells Primary Academy,I9,THOC,Thuja Occidentalis,45.461948,-73.627065,KP7,8.2,8,226,,
365,Kells Primary Academy,I9,THOC,Thuja Occidentalis,45.461936,-73.627069,KP7,7.5,8,227,,
366,Kells Primary Academy,I9,THOC,Thuja Occidentalis,45.461927,-73.627064,KP7,9.1,9,228,,
367,Kells Primary Academy,I9,THOC,Thuja Occidentalis,45.461938,-73.627022,KP7,6.7,7,229,,
368,Kells Primary Academy,I9,THOC,Thuja Occidentalis,45.461921,-73.627035,KP7,5.1,5,230,,
369,Kells Primary Academy,I9,ACNE,Acer Negundo,45.4619628,-73.6271538,KP9,103.7,104,231,,
370,Kells Primary Academy,I9,PONI,Populus Nigra,45.461983,-73.627181,KP9,93.1,93,232,,
371,Kells Primary Academy,I9,PONI,Populus Nigra,45.461981,-73.62719,KP9,16.2,16,233,,
372,Kells Primary Academy,I9,PRVI,Prunus Virginiana,45.461986,-73.627199,KP9,7.5,8,234,,
373,Kells Primary Academy,I9,ACNE,Acer Negundo,45.461995,-73.627212,KP9,78,78,235,,
374,Kells Primary Academy,I9,ACPL,Acer Platanoides,45.462098,-73.6271193,KP9,64.7,65,236,,
375,Kells Primary Academy,I9,ACNE,Acer Negundo,45.4621281,-73.6270395,KP6,79.8,80,237,,
376,Kells Primary Academy,I9,ACNE,Acer Negundo,45.4621455,-73.6269845,KP6,138,138,238,,
377,Kells Primary Academy,I9,ACNE,Acer Negundo,45.4621645,-73.6269516,KP6,52.7,53,239,,
265,Kells Senior Academy,I8,THOC,Thuja Occidentalis,45.4596347,-73.6313048,KS2,7.1,7,240,,
266,Kells Senior Academy,I8,RHTY,Rhus Typhina,45.4595677,-73.631106,KS2,6.2,6,241,,
267,Kells Senior Academy,I8,SYRE,Syringa Reticulata,45.459605,-73.6311996,KS2,33.1,33,242,,
268,Kells Senior Academy,I8,MABA,Malus Baccata,45.4595317,-73.6310799,KS2,22.9,23,243,,
269,Kells Senior Academy,I8,THOC,Thuja Occidentalis,45.4593631,-73.6313957,KS1,8.4,8,244,,
270,Kells Senior Academy,I8,THOC,Thuja Occidentalis,45.45938,-73.6314369,KS1,5.7,6,245,,
271,Kells Senior Academy,I8,THOC,Thuja Occidentalis,45.4593986,-73.6314899,KS1,6.3,6,246,,
272,Kells Senior Academy,I8,THOC,Thuja Occidentalis,45.4594171,-73.6315352,KS1,7.2,7,247,,
273,Kells Senior Academy,I8,THOC,Thuja Occidentalis,45.459484,-73.631548,KS2,6.9,7,248,,
443,Loyola High School,I11,ACSA,Acer Saccharinum,45.4570497,-73.6396049,LH12,75.4,75,249,,
444,Loyola High School,I11,QUMA,Quercus Macrocarpa,45.4564909,-73.6396626,LH8,64.9,65,250,,
445,Loyola High School,I11,JUVI,Juniperus Virginiana,45.4569859,-73.6395567,LH10,9.6,10,251,,
446,Loyola High School,I11,JUVI,Juniperus Virginiana,45.4569678,-73.6395654,LH10,20.8,21,252,,
447,Loyola High School,I11,JUVI,Juniperus Virginiana,45.456958,-73.639571,LH10,6.5,7,253,,
448,Loyola High School,I11,ACPL,Acer Platanoides,45.4570471,-73.639379,LH12,15.1,15,254,,
449,Loyola High School,I11,MABA,Malus 'Prairiefire',45.456988,-73.6389867,LH2,32.2,32,255,,
450,Loyola High School,I11,SYVU,Syringa Vulgaris,45.4569396,-73.6389377,LH2,33.3,33,256,,
451,Loyola High School,I11,SYVU,Syringa Vulgaris,45.456928,-73.638911,LH2,26.9,27,257,,
452,Loyola High School,I11,SYVU,Syringa Vulgaris,45.456919,-73.638898,LH2,16.2,16,258,,
453,Loyola High School,I11,SYVU,Syringa Vulgaris,45.456911,-73.638877,LH2,41.1,41,259,,
454,Loyola High School,I11,SYVU,Syringa Vulgaris,45.456903,-73.638856,LH2,20.4,20,260,,
455,Loyola High School,I11,SYVU,Syringa Vulgaris,45.456909,-73.63884,LH2,22.3,22,261,,
456,Loyola High School,I11,JUCO,Juniperus Communis,45.4569532,-73.639609,LH10,8.3,8,262,,
457,Loyola High School,I11,JUCO,Juniperus Communis,45.4569137,-73.6396391,LH3,10.4,10,263,,
458,Loyola High School,I11,JUVI,Juniperus Virginiana,45.456908,-73.639677,LH3,8.5,9,264,,
459,Loyola High School,I11,JUVI,Juniperus Virginiana,45.45691,-73.639704,LH3,6.2,6,265,,
460,Loyola High School,I11,QUMA,Quercus Macrocarpa,45.4564925,-73.6396603,LH8,58.2,58,266,,
461,Loyola High School,I11,ACPL,Acer Platanoides,45.4568556,-73.6398038,LH3,33.7,34,267,,
462,Loyola High School,I11,ACPL,Acer Platanoides,45.456806,-73.639868,LH3,24.6,25,268,,
463,Loyola High School,I11,ACPL,Acer Platanoides,45.456727,-73.639949,LH3,35.5,36,269,,
464,Loyola High School,I11,ACPL,Acer Platanoides,45.456671,-73.639989,LH3,36.6,37,270,,
465,Loyola High School,I11,ACPL,Acer Platanoides,45.456631,-73.639979,LH8,33.4,33,271,,
466,Loyola High School,I11,JUVI,Juniperus Virginiana,45.4565755,-73.6399074,LH8,18.3,18,272,,
467,Loyola High School,I11,TICO,Tilia Cordata,45.4564725,-73.6398939,LH8,46.3,46,273,,
468,Loyola High School,I11,TICO,Tilia Cordata,45.4564123,-73.6397166,LH7,49.5,50,274,,
469,Loyola High School,I11,JUVI,Juniperus Virginiana,45.4564145,-73.6395858,LH7,16.4,16,275,,
470,Loyola High School,I11,TIAM,Tilia Americana,45.4562122,-73.6392291,LH4,66.4,66,276,,
471,Loyola High School,I11,ACSA,Acer Saccharinum,45.4562018,-73.6390675,LH4,92,92,277,,
18,St. Ignatius Church,I1,ACSA,Acer Saccharinum,45.4574753,-73.642918,STL2,37.2,37,278,,
378,St. Luc Annexe,I10,TICO,Tilia Cordata,45.4574684,-73.6428672,STL2,38.4,38,279,,
379,St. Luc Annexe,I10,ACSA,Acer Saccharinum,45.4573545,-73.6427515,STL14,45,45,280,,
380,St. Luc Annexe,I10,ACSA,Acer Saccharinum,45.4572761,-73.6428088,STL14,73.4,73,281,,
381,St. Luc Annexe,I10,ACSA,Acer Saccharinum,45.4571917,-73.6428886,STL1,55.5,56,282,,
382,St. Luc Annexe,I10,ACSA,Acer Saccharinum,45.4571092,-73.6429513,STL1,67.3,67,283,,
383,St. Luc Annexe,I10,ACSA,Acer Saccharinum,45.4570243,-73.6430274,STL5,62.9,63,284,,
384,St. Luc Annexe,I10,ACPL,Acer Platanoides,45.4569483,-73.6432672,STL5,12.7,13,285,,
385,St. Luc Annexe,I10,ACNE,Acer Negundo,45.4571957,-73.6431076,STL1,30.5,31,286,,
386,St. Luc Annexe,I10,ACNE,Acer Negundo,45.4572573,-73.6430623,STL14,29.5,30,287,,
387,St. Luc Annexe,I10,ACPL,Acer Platanoides,45.4570908,-73.6433054,STL7,21.5,22,288,,
388,St. Luc Annexe,I10,ACPL,Acer Platanoides,45.457119,-73.6434234,STL7,24.6,25,289,,
389,St. Luc Annexe,I10,ACPL,Acer Platanoides,45.4570414,-73.6433634,STL5,22.3,22,290,,
390,St. Luc Annexe,I10,ACPL,Acer Platanoides,45.4570414,-73.6435307,STL7,24.3,24,291,,
391,St. Luc Annexe,I10,FRPE,Fraxinus Pennsylvanica,45.4571292,-73.6437811,STL8,31.7,32,292,,
392,St. Luc Annexe,I10,MABA,Malus Baccata,45.4571656,-73.6438864,STL8,7.4,7,293,,
393,St. Luc Annexe,I10,FRPE,Fraxinus Pennsylvanica,45.4572011,-73.6440108,STL8,25.4,25,294,,
394,St. Luc Annexe,I10,FRPE,Fraxinus Pennsylvanica,45.4572251,-73.6440825,STL10,32.2,32,295,,
395,St. Luc Annexe,I10,ACSA,Acer Saccharinum,45.4572576,-73.6441657,STL10,60.3,60,296,,
396,St. Luc Annexe,I10,GLTR,Gleditsia Triacanthos,45.457592,-73.6431203,STL2,25.3,25,297,,
397,St. Luc Annexe,I10,GLTR,Gleditsia Triacanthos,45.4577018,-73.6434053,STL12,25,25,298,,
398,St. Luc Annexe,I10,ACPL,Acer Platanoides,45.4577836,-73.6436051,STL4,29.2,29,299,,
399,St. Luc Annexe,I10,GLTR,Gleditsia Triacanthos,45.4578065,-73.6436685,STL4,20.6,21,300,,
400,St. Luc Annexe,I10,TIAM,Tilia Americana,45.4577599,-73.6435397,STL4,59.8,60,301,,
401,St. Luc Annexe,I10,GLTR,Gleditsia Triacanthos,45.4572552,-73.6434888,STL11,5.2,5,302,,
402,St. Luc Annexe,I10,GLTR,Gleditsia Triacanthos,45.457221,-73.643521,STL7,7,7,303,,
403,St. Luc Annexe,I10,GLTR,Gleditsia Triacanthos,45.457248,-73.643596,STL11,5.7,6,304,,
404,St. Luc Annexe,I10,GLTR,Gleditsia Triacanthos,45.457306,-73.643558,STL11,5.8,6,305,,
405,St. Luc Annexe,I10,GLTR,Gleditsia Triacanthos,45.45734,-73.643628,STL9,8.5,9,306,,
406,St. Luc Annexe,I10,GLTR,Gleditsia Triacanthos,45.457314,-73.643746,STL9,7.5,8,307,,
407,St. Luc Annexe,I10,GLTR,Gleditsia Triacanthos,45.457361,-73.643717,STL9,5.6,6,308,,
408,St. Luc Annexe,I10,GLTR,Gleditsia Triacanthos,45.457354,-73.643816,STL9,7.3,7,309,,
409,St. Luc Annexe,I10,GLTR,Gleditsia Triacanthos,45.457356,-73.644167,STL10,6.7,7,310,,
410,St. Luc Annexe,I10,THOC,Thuja Occidentalis,45.457383,-73.644173,STL6,6.5,7,311,,
411,St. Luc Annexe,I10,THOC,Thuja Occidentalis,45.457399,-73.644156,STL6,6,6,312,,
412,St. Luc Annexe,I10,THOC,Thuja Occidentalis,45.457399,-73.64415,STL6,5.5,6,313,,
413,St. Luc Annexe,I10,THOC,Thuja Occidentalis,45.457407,-73.644143,STL6,5.3,5,314,,
414,St. Luc Annexe,I10,ACPL,Acer Platanoides,45.457437,-73.644118,STL6,45.2,45,315,,
415,St. Luc Annexe,I10,ACPL,Acer Platanoides,45.457532,-73.644022,STL6,35.1,35,316,,
416,St. Luc Annexe,I10,ACPL,Acer Platanoides,45.457596,-73.644003,STL13,27.7,28,317,,
417,St. Luc Annexe,I10,THOC,Thuja Occidentalis,45.45748,-73.644075,STL6,5.7,6,318,,
418,St. Luc Annexe,I10,THOC,Thuja Occidentalis,45.457488,-73.644066,STL6,6.2,6,319,,
419,St. Luc Annexe,I10,THOC,Thuja Occidentalis,45.457507,-73.644055,STL6,5.1,5,320,,
420,St. Luc Annexe,I10,THOC,Thuja Occidentalis,45.457562,-73.644028,STL13,6.8,7,321,,
421,St. Luc Annexe,I10,THOC,Thuja Occidentalis,45.457576,-73.644016,STL13,8.3,8,322,,
422,St. Luc Annexe,I10,THOC,Thuja Occidentalis,45.4576,-73.643999,STL13,7.5,8,323,,
423,St. Luc Annexe,I10,THOC,Thuja Occidentalis,45.457601,-73.643988,STL13,6.7,7,324,,
424,St. Luc Annexe,I10,THOC,Thuja Occidentalis,45.457637,-73.643966,STL13,8.8,9,325,,
425,St. Luc Annexe,I10,THOC,Thuja Occidentalis,45.457649,-73.643957,STL13,10.1,10,326,,
426,St. Luc Annexe,I10,THOC,Thuja Occidentalis,45.457654,-73.64395,STL13,8.9,9,327,,
427,St. Luc Annexe,I10,THOC,Thuja Occidentalis,45.457662,-73.643947,STL13,6.7,7,328,,
428,St. Luc Annexe,I10,THOC,Thuja Occidentalis,45.457664,-73.643939,STL13,9.6,10,329,,
429,St. Luc Annexe,I10,THOC,Thuja Occidentalis,45.457675,-73.643932,STL13,5.4,5,330,,
430,St. Luc Annexe,I10,THOC,Thuja Occidentalis,45.457695,-73.643918,STL4,7.1,7,331,,
431,St. Luc Annexe,I10,THOC,Thuja Occidentalis,45.457709,-73.643905,STL4,6.3,6,332,,
432,St. Luc Annexe,I10,THOC,Thuja Occidentalis,45.457717,-73.643898,STL4,5.9,6,333,,
433,St. Luc Annexe,I10,THOC,Thuja Occidentalis,45.457731,-73.643885,STL4,8.4,8,334,,
434,St. Luc Annexe,I10,THOC,Thuja Occidentalis,45.45774,-73.64388,STL4,6.7,7,335,,
435,St. Luc Annexe,I10,THOC,Thuja Occidentalis,45.457751,-73.643871,STL4,7.3,7,336,,
436,St. Luc Annexe,I10,THOC,Thuja Occidentalis,45.457758,-73.643864,STL4,5.9,6,337,,
437,St. Luc Annexe,I10,THOC,Thuja Occidentalis,45.457764,-73.643862,STL4,6.9,7,338,,
438,St. Luc Annexe,I10,THOC,Thuja Occidentalis,45.457774,-73.643854,STL4,10.5,11,339,,
439,St. Luc Annexe,I10,THOC,Thuja Occidentalis,45.457785,-73.643845,STL4,7.4,7,340,,
440,St. Luc Annexe,I10,THOC,Thuja Occidentalis,45.457793,-73.643838,STL4,9.8,10,341,,
441,St. Luc Annexe,I10,THOC,Thuja Occidentalis,45.457802,-73.643833,STL4,7.6,8,342,,
442,St. Luc Annexe,I10,THOC,Thuja Occidentalis,45.457811,-73.643822,STL4,11.3,11,343,,
80,St. Monica Church,I3,ACNE,Acer Negundo,45.468112,-73.6341916,SMC2,60.8,61,344,,
81,St. Monica Church,I3,ACNE,Acer Negundo,45.4681395,-73.6342392,SMC2,55.9,56,345,,
82,St. Monica Church,I3,ACPL,Acer Platanoides,45.4681518,-73.6342616,SMC2,15.2,15,346,,
83,St. Monica Church,I3,MABA,Malus Baccata,45.4681308,-73.6343398,SMC2,27.6,28,347,,
84,St. Monica Church,I3,MABA,Malus Baccata,45.4681623,-73.6344417,SMC2,26.6,27,348,,
85,St. Monica Church,I3,EUEU,Euonymus Europaeus,45.4683683,-73.6346549,SMC3,4.7,5,349,,
86,St. Monica Church,I3,ACPL,Acer Platanoides,45.4683878,-73.6347102,SMC3,9.4,9,350,,
87,St. Monica Church,I3,ACPL,Acer Platanoides,45.4684071,-73.634776,SMC3,5.4,5,351,,
88,St. Monica Church,I3,ULPU,Ulmus Pumila,45.4684358,-73.6348122,SMC7,5,5,352,,
89,St. Monica Church,I3,ACNE,Acer Negundo,45.4683737,-73.6348511,SMC3,51.6,52,353,,
90,St. Monica Church,I3,ACNE,Acer Negundo,45.4683065,-73.6349127,SMC3,39.2,39,354,,
91,St. Monica Church,I3,ACNE,Acer Negundo,45.4682865,-73.6349362,SMC8,49.1,49,355,,
92,St. Monica Church,I3,ULAM,Ulmus Americana,45.4682917,-73.6349322,SMC8,34.4,34,356,,
93,St. Monica Church,I3,ACPL,Acer Platanoides,45.4685113,-73.6351193,SMC7,32.4,32,357,,
94,St. Monica Church,I3,FRPE,Fraxinus Pennsylvanica,45.4684852,-73.6352279,SMC7,6.4,6,358,,
95,St. Monica Church,I3,ACPL,Acer Platanoides,45.4682656,-73.6352299,SMC9,31.5,32,359,,
96,St. Monica Church,I3,ACPL,Acer Platanoides,45.4682216,-73.6351525,SMC8,18.3,18,360,,
97,St. Monica Church,I3,ACPL,Acer Platanoides,45.4681807,-73.6351112,SMC10,21.4,21,361,,
98,St. Monica Church,I3,ACPL,Acer Platanoides,45.4681712,-73.6350971,SMC10,12.7,13,362,,
99,St. Monica Church,I3,ULAM,Ulmus Americana,45.4682122,-73.6349738,SMC10,113.7,114,363,,
100,St. Monica Church,I3,ACNE,Acer Negundo,45.4682268,-73.6349741,SMC10,35.1,35,364,,
101,St. Monica Church,I3,PIPU,Picea Pungens,45.4680789,-73.6348256,SMC10,18,18,365,,
102,St. Monica Church,I3,MABA,Malus Baccata,45.4679778,-73.6345869,SMC11,49.7,50,366,,
103,St. Monica Church,I3,MABA,Malus Baccata,45.467946,-73.634502,SMC11,40.9,41,367,,
104,St. Monica Church,I3,THOC,Thuja Occidentalis,45.4679528,-73.6344652,SMC11,13.6,14,368,,
105,St. Monica Church,I3,PIPU,Picea Pungens,45.467832,-73.6345114,SMC4,35,35,369,,
106,St. Monica Church,I3,ACPL,Acer Platanoides,45.4676679,-73.6345325,SMC5,10,10,370,,
107,St. Monica Church,I3,PIPU,Picea Pungens,45.4677255,-73.634665,SMC5,22.4,22,371,,
108,St. Monica Church,I3,SYVU,Syringa Vulgaris,45.4676277,-73.6345932,SMC5,33.1,33,372,,
109,St. Monica Church,I3,ACPL,Acer Platanoides,45.4676335,-73.6346066,SMC5,5.9,6,373,,
110,St. Monica Church,I3,SYVU,Syringa Vulgaris,45.4676366,-73.6346184,SMC5,53.2,53,374,,
111,St. Monica Church,I3,SYVU,Syringa Vulgaris,45.4676514,-73.6345563,SMC5,6.4,6,375,,
112,St. Monica Church,I3,SYVU,Syringa Vulgaris,45.4676561,-73.6345714,SMC5,16.3,16,376,,
113,St. Monica Church,I3,ULAM,Ulmus Americana,45.4676585,-73.6345922,SMC5,8.9,9,377,,
114,St. Monica Church,I3,SYVU,Syringa Vulgaris,45.4676034,-73.6346231,SMC5,7.5,8,378,,
115,St. Monica Church,I3,SYVU,Syringa Vulgaris,45.4676328,-73.6346442,SMC5,7.6,8,379,,
116,St. Monica Church,I3,SYVU,Syringa Vulgaris,45.4676345,-73.6346576,SMC5,9.9,10,380,,
117,St. Monica Church,I3,PRVI,Prunus Virginiana,45.4676281,-73.6346358,SMC5,5.7,6,381,,
118,St. Monica Church,I3,ACNE,Acer Negundo,45.4677071,-73.63485,SMC5,54.4,54,382,,
119,St. Monica Church,I3,MABA,Malus Baccata,45.4677523,-73.6349657,SMC1,8.7,9,383,,
120,St. Monica Church,I3,MABA,Malus Baccata,45.4677791,-73.6350009,SMC1,12.6,13,384,,
121,St. Monica Church,I3,PNRE,Pinus Resinosa,45.4678028,-73.6350898,SMC1,46.4,46,385,,
1,St. Monica School,I16,PRDO,Prunus Domestica,45.4668204,-73.6349868,SM1,3.7,4,386,,
2,St. Monica School,I16,ULXXHO,Ulmus 'Homestead',45.4668703,-73.6350009,SM1,25.6,26,387,,
3,St. Monica School,I16,ULAM,Ulmus Americana,45.4668623,-73.6348376,SM1,4.5,5,388,,
4,St. Monica School,I16,PRAV,Prunus Avium,45.4669168,-73.6348413,SM1,9.3,9,389,,
5,St. Monica School,I16,ULXXHO,Ulmus 'Homestead',45.4669568,-73.6349144,SM1,27.9,28,390,,
6,St. Monica School,I16,PRAV,Prunus Avium,45.4669538,-73.6348574,SM1,16.7,17,391,,
7,St. Monica School,I16,ULAM,Ulmus Americana,45.4666843,-73.634732,SM10,71.5,72,392,,
8,St. Monica School,I16,FRAM,Fraxinus Americana,45.4667071,-73.6347954,SM10,7.4,7,393,,
9,St. Monica School,I16,ULAM,Ulmus Americana,45.4667364,-73.634674,SM10,20.4,20,394,,
10,St. Monica School,I16,ACSA,Acer Saccharinum,45.4667398,-73.6349386,SM10,71.9,72,395,,
11,St. Monica School,I16,PRDO,Prunus Domestica,45.4667769,-73.6349526,SM10,5.5,6,396,,
12,St. Monica School,I16,ACNE,Acer Negundo,45.4674433,-73.633518,SM11,63.1,63,397,,
13,St. Monica School,I16,ACNE,Acer Negundo,45.4674602,-73.633496,SM11,79.4,79,398,,
14,St. Monica School,I16,ACNE,Acer Negundo,45.4674751,-73.633481,SM11,103.6,104,399,,
15,St. Monica School,I16,ACNE,Acer Negundo,45.4674875,-73.63347,SM11,89.7,90,400,,
16,St. Monica School,I16,FRAM,Fraxinus Americana,45.4675073,-73.633448,SM11,13.7,14,401,,
17,St. Monica School,I16,ULAM,Ulmus Americana,45.4675183,-73.63344,SM11,13.7,14,402,,
18,St. Monica School,I16,ULPU,Ulmus Pumila,45.4675381,-73.633426,SM11,18.1,18,403,,
19,St. Monica School,I16,ULPU,Ulmus Pumila,45.4675454,-73.633421,SM11,9.8,10,404,,
20,St. Monica School,I16,FRAM,Fraxinus Americana,45.4675573,-73.633396,SM11,15.1,15,405,,
21,St. Monica School,I16,ULPU,Ulmus Pumila,45.4675839,-73.633378,SM11,34.7,35,406,,
22,St. Monica School,I16,ACSA,Acer Saccharinum,45.4677074,-73.633381,SM13,13.2,13,407,,
23,St. Monica School,I16,ULAM,Ulmus Americana,45.4676846,-73.633377,SM13,14.8,15,408,,
24,St. Monica School,I16,ACSA,Acer Saccharinum,45.4676601,-73.633325,SM13,48.3,48,409,,
25,St. Monica School,I16,ULAM,Ulmus Americana,45.4676488,-73.633335,SM13,7.4,7,410,,
26,St. Monica School,I16,PRVI,Prunus Virginiana,45.467159,-73.6346804,SM15,14.1,14,411,,
27,St. Monica School,I16,PRVI,Prunus Virginiana,45.4671715,-73.6346512,SM15,16.3,16,412,,
28,St. Monica School,I16,SYVU,Syngria Vulgaris,45.4671593,-73.6345634,SM15,24.4,24,413,,
29,St. Monica School,I16,PRDO,Prunus Domestica,45.4671593,-73.6345822,SM15,19.2,19,414,,
30,St. Monica School,I16,PIPU,Picea Pungens,45.4672288,-73.6345822,SM15,41,41,415,,
31,St. Monica School,I16,PIPU,Picea Pungens,45.4672181,-73.6345493,SM15,11,11,416,,
32,St. Monica School,I16,PIPU,Picea Pungens,45.4672576,-73.634556,SM15,35,35,417,,
33,St. Monica School,I16,PODE,Populus Deltoides,45.4670205,-73.6346013,SM16,72.3,72,418,,
34,St. Monica School,I16,ULXXHO,Ulmus 'Homestead',45.4670332,-73.6348464,SM16,27.9,28,419,,
35,St. Monica School,I16,ULXXHO,Ulmus 'Homestead',45.4671162,-73.6347163,SM16,45.2,45,420,,
36,St. Monica School,I16,PRDO,Prunus Domestica,45.4671162,-73.6347163,SM16,8.1,8,421,,
38,St. Monica School,I16,ACNE,Acer Negundo,45.4676107,-73.633984,SM18,9,9,423,,
39,St. Monica School,I16,ACFR,Acer Freemannii,45.4678228,-73.633919,SM19,84.6,85,424,,
40,St. Monica School,I16,FRPE,Fraxinus Pennsylvanica,45.4678285,-73.633904,SM19,5.4,5,425,,
41,St. Monica School,I16,ACNE,Acer Negundo,45.4678407,-73.633895,SM19,6.9,7,426,,
42,St. Monica School,I16,ACSA,Acer Saccharinum,45.4679352,-73.633917,SM19,73.8,74,427,,
43,St. Monica School,I16,ACSA,Acer Saccharinum,45.4679035,-73.633806,SM19,34.7,35,428,,
44,St. Monica School,I16,ACFR,Acer Freemannii,45.4669686,-73.6345778,SM2,9.7,10,429,,
45,St. Monica School,I16,PIPU,Picea Pungens,45.4675014,-73.634338,SM20,29.4,29,430,,
46,St. Monica School,I16,ACNE,Acer Negundo,45.4675585,-73.634175,SM20,21.6,22,431,,
47,St. Monica School,I16,ULXXHO,Ulmus 'Homestead',45.4676601,-73.634245,SM20,21.9,22,432,,
48,St. Monica School,I16,CAAB,Caragana Aborescens,45.4673116,-73.6345131,SM4,79.3,79,433,,
49,St. Monica School,I16,QURU,Quercas Rubra,45.4673485,-73.634551,SM4,4.9,5,434,,
50,St. Monica School,I16,QURU,Quercas Rubra,45.4674226,-73.6344749,SM4,4.8,5,435,,
51,St. Monica School,I16,ACRU,Acer Rubrum,45.4674217,-73.6344132,SM4,15.2,15,436,,
52,St. Monica School,I16,ACNE,Acer Negundo,45.46746,-73.634273,SM4,7.8,8,437,,
53,St. Monica School,I16,PIPU,Picea Pungens,45.46748,-73.634342,SM4,24.6,25,438,,
54,St. Monica School,I16,EUAL,Euonymus Alatus,45.4674894,-73.634223,SM4,11.4,11,439,,
55,St. Monica School,I16,EUAL,Euonymus Alatus,45.4674875,-73.634221,SM4,12.5,13,440,,
56,St. Monica School,I16,EUAL,Euonymus Alatus,45.4674675,-73.63424,SM4,18.6,19,441,,
57,St. Monica School,I16,ACSA,Acer Saccharinum,45.466535,-73.634413,SM5,46.4,46,442,,
58,St. Monica School,I16,FRAM,Fraxinus Americana,45.466562,-73.634463,SM5,14.5,15,443,,
59,St. Monica School,I16,ACSA,Acer Saccharinum,45.466634,-73.634674,SM5,41.7,42,444,,
60,St. Monica School,I16,ACSA,Acer Saccharinum,45.4678101,-73.633638,SM6,45.3,45,445,,
61,St. Monica School,I16,ACSA,Acer Saccharinum,45.467768,-73.633556,SM6,48.6,49,446,,
62,St. Monica School,I16,ACSA,Acer Saccharinum,45.4677424,-73.63344,SM6,61.5,62,447,,
63,St. Monica School,I16,ACNE,Acer Negundo,45.4677031,-73.633963,SM8,4.7,5,448,,
64,St. Monica School,I16,ULXXHO,Ulmus 'Homestead',45.4677179,-73.634201,SM8,20,20,449,,
65,St. Monica School,I16,ULPU,Ulmus Pumila,45.467278,-73.633664,SM9,24.3,24,450,,
66,St. Monica School,I16,CEOC,Celtis Occidentalis,45.4672559,-73.633688,SM9,11.3,11,451,,
151,St. Phillips Church,I5,ACSA,Acer Saccharinum,45.4542769,-73.6435855,SP3,48.3,48,452,,
152,St. Phillips Church,I5,TIAM,Tilia Americana,45.4541748,-73.6434814,SP1,116.1,116,453,,
153,St. Phillips Church,I5,TIAM,Tilia Americana,45.4540979,-73.6435069,SP1,102.3,102,454,,
154,St. Phillips Church,I5,ULAM,Ulmus Americana,45.4541637,-73.6434385,SP16,12.6,13,455,,
155,St. Phillips Church,I5,LOXY,Lonicera Xylosteum,45.454049,-73.6434348,SP1,24.8,25,456,,
156,St. Phillips Church,I5,ACSA,Acer Saccharinum,45.453885,-73.6436041,SP12,80.3,80,457,,
157,St. Phillips Church,I5,FRPE,Fraxinus Pennsylvanica,45.4538982,-73.643817,SP12,13.4,13,458,,
158,St. Phillips Church,I5,ACNE,Acer Negundo,45.4538907,-73.6437852,SP12,22.1,22,459,,
159,St. Phillips Church,I5,ACPL,Acer Platanoides,45.4538763,-73.643809,SP12,74.2,74,460,,
160,St. Phillips Church,I5,ACPL,Acer Platanoides,45.4538495,-73.6437731,SP12,11.6,12,461,,
161,St. Phillips Church,I5,PRPA,Prunus Padus,45.4538243,-73.6437738,SP11,23,23,462,,
162,St. Phillips Church,I5,ACPL,Acer Platanoides,45.4538333,-73.6431932,SP9,5,5,463,,
163,St. Phillips Church,I5,ACPL,Acer Platanoides,45.4538493,-73.6438284,SP12,7,7,464,,
164,St. Phillips Church,I5,ACPL,Acer Platanoides,45.4538385,-73.6438314,SP12,11.8,12,465,,
165,St. Phillips Church,I5,ACPL,Acer Platanoides,45.4538319,-73.643811,SP11,22.5,23,466,,
166,St. Phillips Church,I5,ACPL,Acer Platanoides,45.4538274,-73.6437624,SP11,22.8,23,467,,
167,St. Phillips Church,I5,PIGL,Picea Glauca,45.4538051,-73.6437855,SP11,25.9,26,468,,
168,St. Phillips Church,I5,GLTR,Gleditsia Triacanthos,45.4537874,-73.6438026,SP11,32.3,32,469,,
169,St. Phillips Church,I5,THOC,Thuja Occidentalis,45.4537218,-73.6436011,SP11,20,20,470,,
170,St. Phillips Church,I5,ACNE,Acer Negundo,45.4538124,-73.6437704,SP11,21,21,471,,
171,St. Phillips Church,I5,ACPL,Acer Platanoides,45.4538234,-73.6438314,SP11,19,19,472,,
172,St. Phillips Church,I5,ULAM,Ulmus Americana,45.4537011,-73.6435193,SP13,6.3,6,473,,
173,St. Phillips Church,I5,GLTR,Gleditsia Triacanthos,45.4536371,-73.6435203,SP10,35.5,36,474,,
174,St. Phillips Church,I5,ACSA,Acer Saccharinum,45.4537406,-73.6433439,SP13,81.6,82,475,,
175,St. Phillips Church,I5,GLTR,Gleditsia Triacanthos,45.4536044,-73.6433741,SP10,38.6,39,476,,
176,St. Phillips Church,I5,PIPU,Picea Pungens,45.4538973,-73.6432427,SP14,44.3,44,477,,
177,St. Phillips Church,I5,AMLA,Amelanchier Laevis,45.453977,-73.6432004,SP14,30.3,30,478,,
178,St. Phillips Church,I5,BENI,Betula Nigra,45.4537449,-73.643235,SP9,5.2,5,479,,
179,St. Phillips Church,I5,CORU,Cornus Rugosa,45.4538368,-73.643011,SP6,30.3,30,480,,
180,St. Phillips Church,I5,MABA,Malus Baccata,45.4536877,-73.6429265,SP5,23.7,24,481,,
181,St. Phillips Church,I5,ACPL,Acer Platanoides,45.4536202,-73.6428179,SP8,40.3,40,482,,
182,St. Phillips Church,I5,ACSA,Acer Saccharinum,45.4536623,-73.6429463,SP5,109.6,110,483,,
183,St. Phillips Church,I5,ACSA,Acer Saccharinum,45.4535501,-73.6430046,SP5,78.2,78,484,,
184,St. Phillips Church,I5,ACPL,Acer Platanoides,45.4535426,-73.642951,SP5,21.4,21,485,,
185,St. Phillips Church,I5,ACPL,Acer Platanoides,45.4535416,-73.6429989,SP5,9.3,9,486,,
186,St. Phillips Church,I5,ACPL,Acer Platanoides,45.4535045,-73.6429168,SP2,23.3,23,487,,
187,St. Phillips Church,I5,ACPL,Acer Platanoides,45.4535075,-73.6430301,SP2,91.4,91,488,,
188,St. Phillips Church,I5,LOXY,Lonicera Xylosteum,45.4534894,-73.6430023,SP2,23.5,24,489,,
189,St. Phillips Church,I5,LOXY,Lonicera Xylosteum,45.453473,-73.6429909,SP2,16.4,16,490,,
190,St. Phillips Church,I5,RHCA,Rhamnus Cathartica,45.453423,-73.6429647,SP2,7,7,491,,
191,St. Phillips Church,I5,ACPLCK,Acer Platanoides ¬Crimson King¬,45.453405,-73.6428658,SP2,31.5,32,492,,
192,St. Phillips Church,I5,LOXY,Lonicera Xylosteum,45.4534525,-73.6427619,SP2,25.8,26,493,,
193,St. Phillips Church,I5,LOXY,Lonicera Xylosteum,45.4535083,-73.6427465,SP2,9.3,9,494,,
194,St. Phillips Church,I5,LOXY,Lonicera Xylosteum,45.4535315,-73.6427237,SP8,7.2,7,495,,
195,St. Phillips Church,I5,LOXY,Lonicera Xylosteum,45.4536384,-73.6427066,SP8,12.5,13,496,,
196,St. Phillips Church,I5,LOXY,Lonicera Xylosteum,45.4535546,-73.6426895,SP8,18.3,18,497,,
197,St. Phillips Church,I5,LOXY,Lonicera Xylosteum,45.45361,-73.642674,SP8,9.7,10,498,,
198,St. Phillips Church,I5,LOXY,Lonicera Xylosteum,45.453638,-73.642647,SP8,13.2,13,499,,
199,St. Phillips Church,I5,ACPL,Acer Platanoides,45.453593,-73.642731,SP8,22.2,22,500,,
200,St. Phillips Church,I5,ACPL,Acer Platanoides,45.4534857,-73.6427321,SP2,42.8,43,501,,
201,St. Phillips Church,I5,ACPL,Acer Platanoides,45.4535014,-73.6427233,SP2,27,27,502,,
202,St. Phillips Church,I5,LOXY,Lonicera Xylosteum,45.4535118,-73.6427146,SP2,16.2,16,503,,
203,St. Phillips Church,I5,LOXY,Lonicera Xylosteum,45.4535306,-73.6427039,SP8,6,6,504,,
204,St. Phillips Church,I5,LOXY,Lonicera Xylosteum,45.4535551,-73.6426915,SP8,6.2,6,505,,
205,St. Phillips Church,I5,LOXY,Lonicera Xylosteum,45.4535929,-73.6427233,SP8,9.3,9,506,,
206,St. Phillips Church,I5,ACPL,Acer Platanoides,45.4536249,-73.6426955,SP8,84.3,84,507,,
207,St. Phillips Church,I5,PRVI,Prunus Virginiana,45.4536741,-73.6426295,SP8,32.7,33,508,,
208,St. Phillips Church,I5,ACPL,Acer Platanoides,45.4537726,-73.6427421,SP7,75.7,76,509,,
209,St. Phillips Church,I5,LOXY,Lonicera Xylosteum,45.4537035,-73.6425661,SP8,33.8,34,510,,
210,St. Phillips Church,I5,ACSA,Acer Saccharinum,45.4538319,-73.6424726,SP7,41.4,41,511,,
211,St. Phillips Church,I5,ACSA,Acer Saccharinum,45.4539648,-73.6425859,SP4,84.1,84,512,,
212,St. Phillips Church,I5,ACSA,Acer Saccharinum,45.4540838,-73.6428434,SP16,48,48,513,,s
213,St. Phillips Church,I5,ACSA,Acer Saccharinum,45.4541,-73.6429,SP16,44.8,45,514,,
31,St. Thomas Church,I2,AEHI,Aesculus Hippocastanum,45.4636288,-73.6423109,ST4,118.5,119,515,,
32,St. Thomas Church,I2,ACPL,Acer Platanoides,45.4635783,-73.6423052,ST4,79,79,516,,
33,St. Thomas Church,I2,PIGL,Picea Glauca,45.4636698,-73.6421436,ST4,48.8,49,517,,
34,St. Thomas Church,I2,QUMA,Quercus Macrocarpa,45.4637648,-73.6421078,ST3,34.3,34,518,,
35,St. Thomas Church,I2,MABA,Malus Baccata,45.463797,-73.6420689,ST6,5,5,519,,
36,St. Thomas Church,I2,CGPU,Crataegus Punctata,45.4637243,-73.6420685,ST6,35.5,36,520,,
37,St. Thomas Church,I2,CGPU,Crataegus Punctata,45.4637314,-73.6420514,ST6,34.5,35,521,,
38,St. Thomas Church,I2,CGPU,Crataegus Punctata,45.4637241,-73.6420524,ST6,23,23,522,,
39,St. Thomas Church,I2,AEHI,Aesculus Hippocastanum,45.4636909,-73.6422147,ST3,85.6,86,523,,
40,St. Thomas Church,I2,ACPL,Acer Platanoides,45.4638322,-73.6422751,ST3,6,6,524,,
41,St. Thomas Church,I2,ACPL,Acer Platanoides,45.4637894,-73.6421845,ST3,14.3,14,525,,
42,St. Thomas Church,I2,ULAM,Ulmus Americana,45.4636404,-73.6423679,ST4,8.2,8,526,,
43,St. Thomas Church,I2,ACFR,Acer Freemannii,45.4637173,-73.6423059,ST3,13.4,13,527,,
44,St. Thomas Church,I2,TACA,Taxus Canadensis,45.46373,-73.642256,ST3,24.1,24,528,,
45,St. Thomas Church,I2,ACPL,Acer Platanoides,45.463662,-73.642145,ST4,165.5,166,529,,
46,St. Thomas Church,I2,ACPL,Acer Platanoides,45.4635489,-73.6422157,ST4,57.8,58,530,,
47,St. Thomas Church,I2,ACPL,Acer Platanoides,45.4634765,-73.6421051,ST9,46.6,47,531,,
48,St. Thomas Church,I2,JUVI,Juniperus Virginiana,45.463396,-73.641917,ST9,6.7,7,532,,
49,St. Thomas Church,I2,JUVI,Juniperus Virginiana,45.4634043,-73.6418972,ST9,10.1,10,533,,
50,St. Thomas Church,I2,MABA,Malus x 'Makamik',45.4634607,-73.6418929,ST9,6.3,6,534,,
51,St. Thomas Church,I2,ACPL,Acer Platanoides,45.4635108,-73.6418235,ST9,59.1,59,535,,
52,St. Thomas Church,I2,LOXY,Lonicera Xylosteum,45.4635343,-73.6419328,ST9,11.2,11,536,,
53,St. Thomas Church,I2,TACA,Taxus Canadensis,45.4635543,-73.6420193,ST4,43.1,43,537,,
54,St. Thomas Church,I2,TACA,Taxus Canadensis,45.4635919,-73.6419841,ST2,66.1,66,538,,
55,St. Thomas Church,I2,VIOP,Viburnum opulus,45.4637417,-73.6420082,ST6,25.3,25,539,,
56,St. Thomas Church,I2,JUCO,Juniperus Communis,45.4636582,-73.6419616,ST2,12.1,12,540,,
57,St. Thomas Church,I2,THOC,Thuja Occidentalis,45.4636571,-73.6419428,ST2,6.1,6,541,,
58,St. Thomas Church,I2,CEOC,Celtis Occidentalis,45.4636792,-73.6418033,ST2,9.8,10,542,,
59,St. Thomas Church,I2,CEOC,Celtis Occidentalis,45.4637431,-73.6420179,ST6,4.8,5,543,,
60,St. Thomas Church,I2,PIPU,Picea Pungens,45.4636227,-73.6419016,ST2,38.3,38,544,,
61,St. Thomas Church,I2,SYVU,Syringa Vulgaris,45.4637048,-73.6417541,ST2,50.3,50,545,,
62,St. Thomas Church,I2,SYVU,Syringa Vulgaris,45.4637551,-73.6417242,ST5,34.9,35,546,,
63,St. Thomas Church,I2,ACPL,Acer Platanoides,45.4637187,-73.6416491,ST5,51.8,52,547,,
64,St. Thomas Church,I2,CGPU,Crataegus Punctata,45.4637974,-73.6415425,ST5,50.3,50,548,,
65,St. Thomas Church,I2,ACPL,Acer Platanoides,45.4638511,-73.64145,ST5,13.6,14,549,,
66,St. Thomas Church,I2,SYRE,Syringa Reticulata,45.4638376,-73.6414899,ST5,7.4,7,550,,
67,St. Thomas Church,I2,ACPL,Acer Platanoides,45.4639044,-73.6414453,ST5,73.3,73,551,,
68,St. Thomas Church,I2,ACPL,Acer Platanoides,45.4639905,-73.6415173,ST7,13.8,14,552,,
69,St. Thomas Church,I2,ACPL,Acer Platanoides,45.4640657,-73.6416961,ST1,54,54,553,,
70,St. Thomas Church,I2,ACPL,Acer Platanoides,45.4640777,-73.6418221,ST1,66.2,66,554,,
71,St. Thomas Church,I2,ACPL,Acer Platanoides,45.4641198,-73.641925,ST1,24.1,24,555,,
72,St. Thomas Church,I2,SYVU,Syringa Vulgaris,45.4640857,-73.6420126,ST1,11.4,11,556,,
73,St. Thomas Church,I2,TACA,Taxus Canadensis,45.4640613,-73.6420682,ST1,12.2,12,557,,
74,St. Thomas Church,I2,TACA,Taxus Canadensis,45.4640498,-73.6420799,ST1,17.4,17,558,,
75,St. Thomas Church,I2,PRPE,Prunus Persica,45.4640187,-73.6420873,ST1,18.3,18,559,,
76,St. Thomas Church,I2,PIPU,Picea Pungens,45.4639301,-73.642144,ST3,6.5,7,560,,
77,St. Thomas Church,I2,ROPS,Robinia Pseudoacacia,45.4639341,-73.6421497,ST3,5.8,6,561,,
78,St. Thomas Church,I2,PNST,Pinus Strobus,45.4638623,-73.6420675,ST6,6.2,6,562,,
79,St. Thomas Church,I2,TACA,Taxus Canadensis,45.4639,-73.642205,ST3,7.7,8,563,,
507,Willingdon Senior Campus,I14,MABA,Malus x Centurion,45.4619731,-73.6432661,WI8,28,28,564,,
508,Willingdon Senior Campus,I14,MABA,Malus x Rosthurn,45.4619315,-73.6431367,WI8,24,24,565,,
509,Willingdon Senior Campus,I14,GLTR,Gleditsia Triacanthos,45.46187,-73.643092,WI8,20,20,566,,
510,Willingdon Senior Campus,I14,GLTR,Gleditsia Triacanthos,45.461758,-73.6431813,WI1,27,27,567,,
511,Willingdon Senior Campus,I14,GLTR,Gleditsia Triacanthos,45.4616952,-73.6432212,WI1,24.6,25,568,,
512,Willingdon Senior Campus,I14,GLTR,Gleditsia Triacanthos,45.461614,-73.6432729,WI3,41.8,42,569,,
513,Willingdon Senior Campus,I14,GLTR,Gleditsia Triacanthos,45.4615903,-73.6432786,WI3,82.7,83,570,,
514,Willingdon Senior Campus,I14,GLTR,Gleditsia Triacanthos,45.4615679,-73.6433121,WI3,7.3,7,571,,
214,Ywen Kuok Buddhist Temple,I6,ACPL,Acer Platanoides,45.4623583,-73.6379041,Y6,7.6,8,572,,
215,Ywen Kuok Buddhist Temple,I6,ACPL,Acer Platanoides,45.4623477,-73.6379115,Y6,10.9,11,573,,
216,Ywen Kuok Buddhist Temple,I6,ACSA,Acer Saccharinum,45.4623449,-73.6379363,Y6,7.1,7,574,,
217,Ywen Kuok Buddhist Temple,I6,ACNE,Acer Negundo,45.4623343,-73.6379128,Y6,9.2,9,575,,
218,Ywen Kuok Buddhist Temple,I6,RHCA,Rhamnus Cathartica,45.4625921,-73.6379906,Y1,19,19,576,,
219,Ywen Kuok Buddhist Temple,I6,ACFR,Acer Freemannii,45.4623247,-73.6379503,Y6,83.1,83,577,,
220,Ywen Kuok Buddhist Temple,I6,ACPL,Acer Platanoides,45.4622986,-73.6379567,Y6,12.7,13,578,,
221,Ywen Kuok Buddhist Temple,I6,CEOC,Celtis Occidentalis,45.4622781,-73.6379795,Y2,5.1,5,579,,
222,Ywen Kuok Buddhist Temple,I6,ULPU,Ulmus Pumila,45.4622407,-73.6379966,Y2,65.7,66,580,,
223,Ywen Kuok Buddhist Temple,I6,LOXY,Lonicera Xylosteum,45.4622087,-73.6380566,Y2,12.3,12,581,,
224,Ywen Kuok Buddhist Temple,I6,ACNE,Acer Negundo,45.4622087,-73.6380566,Y2,6.7,7,582,,
225,Ywen Kuok Buddhist Temple,I6,ACFR,Acer Freemannii,45.462137,-73.638117,Y2,68,68,583,,
226,Ywen Kuok Buddhist Temple,I6,ACSA,Acer Saccharinum,45.4620145,-73.6382826,Y7,59.1,59,584,,
227,Ywen Kuok Buddhist Temple,I6,CEOC,Celtis Occidentalis,45.462202,-73.638738,Y3,5.7,6,585,,
228,Ywen Kuok Buddhist Temple,I6,ACSA,Acer Saccharinum,45.4620996,-73.6384519,Y3,54.4,54,586,,
229,Ywen Kuok Buddhist Temple,I6,ACSA,Acer Saccharinum,45.4620166,-73.6384559,Y7,54.5,55,587,,
230,Ywen Kuok Buddhist Temple,I6,ACSA,Acer Saccharinum,45.4620446,-73.6385512,Y7,52.4,52,588,,
231,Ywen Kuok Buddhist Temple,I6,ACSA,Acer Saccharinum,45.4620679,-73.6386363,Y7,46,46,589,,
232,Ywen Kuok Buddhist Temple,I6,ACSA,Acer Saccharinum,45.46213,-73.6388174,Y3,81.6,82,590,,
233,Ywen Kuok Buddhist Temple,I6,ACPL,Acer Platanoides,45.4622953,-73.6387054,Y5,9.3,9,591,,
234,Ywen Kuok Buddhist Temple,I6,ACPL,Acer Platanoides,45.462497,-73.6385056,Y4,49.7,50,592,,
235,Ywen Kuok Buddhist Temple,I6,EUAL,Euonymus Alatus,45.4623317,-73.6384875,Y5,17.3,17,593,,
236,Ywen Kuok Buddhist Temple,I6,ACPL,Acer Platanoides,45.4623886,-73.638579,Y5,44.4,44,594,,
237,Ywen Kuok Buddhist Temple,I6,ACPL,Acer Platanoides,45.4624498,-73.6385304,Y4,71.6,72,595,,
238,Ywen Kuok Buddhist Temple,I6,THOC,Thuja Occidentalis,45.4625013,-73.6383601,Y4,6.5,7,596,,
239,Ywen Kuok Buddhist Temple,I6,THOC,Thuja Occidentalis,45.4625375,-73.6383466,Y4,11.6,12,597,,
240,Ywen Kuok Buddhist Temple,I6,THOC,Thuja Occidentalis,45.4625516,-73.6383326,Y4,20.4,20,598,,
241,Ywen Kuok Buddhist Temple,I6,THOC,Thuja Occidentalis,45.4625695,-73.6383279,Y4,26.2,26,599,,
242,Ywen Kuok Buddhist Temple,I6,THOC,Thuja Occidentalis,45.4625798,-73.6383121,Y4,15.8,16,600,,
243,Ywen Kuok Buddhist Temple,I6,THOC,Thuja Occidentalis,45.4625768,-73.6382863,Y4,9.2,9,601,,
244,Ywen Kuok Buddhist Temple,I6,THOC,Thuja Occidentalis,45.462586,-73.638314,Y4,6.3,6,602,,
245,Ywen Kuok Buddhist Temple,I6,THOC,Thuja Occidentalis,45.462599,-73.638313,Y4,15.2,15,603,,
246,Ywen Kuok Buddhist Temple,I6,THOC,Thuja Occidentalis,45.462606,-73.638302,Y4,14,14,604,,
247,Ywen Kuok Buddhist Temple,I6,THOC,Thuja Occidentalis,45.462615,-73.638295,Y8,10.3,10,605,,
248,Ywen Kuok Buddhist Temple,I6,THOC,Thuja Occidentalis,45.462619,-73.638288,Y8,17,17,606,,
249,Ywen Kuok Buddhist Temple,I6,THOC,Thuja Occidentalis,45.462622,-73.638278,Y8,23.3,23,607,,
250,Ywen Kuok Buddhist Temple,I6,ACPL,Acer Platanoides,45.462648,-73.6384284,Y8,39.7,40,608,,
251,Ywen Kuok Buddhist Temple,I6,ACPL,Acer Platanoides,45.4627364,-73.6383668,Y8,27.7,28,609,,
252,Ywen Kuok Buddhist Temple,I6,ACSA,Acer Saccharinum,45.4627324,-73.6382437,Y8,65,65,610,,
253,Ywen Kuok Buddhist Temple,I6,ACSA,Acer Saccharinum,45.4626863,-73.6381277,Y8,19.5,20,611,,
254,Ywen Kuok Buddhist Temple,I6,ACPL,Acer Platanoides,45.4626428,-73.6380211,Y8,47.2,47,612,,
255,Ywen Kuok Buddhist Temple,I6,ACSA,Acer Saccharinum,45.4626,-73.6379229,Y1,21.3,21,613,,
256,Ywen Kuok Buddhist Temple,I6,THOC,Thuja Occidentalis,45.4625187,-73.6380241,Y1,35.5,36,614,,
257,Ywen Kuok Buddhist Temple,I6,CTSP,Catalpa Speciosa,45.4625293,-73.6378893,Y1,6.1,6,615,,
258,Ywen Kuok Buddhist Temple,I6,PIPU,Picea Pungens,45.4625018,-73.6378548,Y1,5.3,5,616,,
259,Ywen Kuok Buddhist Temple,I6,ACSA,Acer Saccharinum,45.4624749,-73.6378588,Y1,62,62,617,,
260,Ywen Kuok Buddhist Temple,I6,ACSA,Acer Saccharinum,45.4624223,-73.6378923,Y6,49.7,50,618,,