Site:,Site Code:,Species Code:,Species latin,Latitude,Longitude,DBH,DBH Round,Index
St. Ignatius Church,I1,ACSA,Acer Saccharinum,45.4576223,-73.642785,67.1,67,1
St. Ignatius Church,I1,PIPU,Picea Pungens,45.4576477,-73.6426244,43.6,44,2
St. Ignatius Church,I1,PIPU,Picea Pungens,45.4576957,-73.6427264,43.5,44,3
St. Ignatius Church,I1,THOC,Thuja Occidentalis,45.4577199,-73.6425453,11.8,12,4
St. Ignatius Church,I1,AMCA,Amelanchier Canadensis,45.4577328,-73.6425671,52.1,52,5
St. Ignatius Church,I1,PIPU,Picea Pungens,45.4578354,-73.6425295,45.9,46,6
St. Ignatius Church,I1,CAAB,Caragana Arborescens 'Pendula',45.4579252,-73.6425289,19.9,20,7
St. Ignatius Church,I1,ACPL,Acer Platanoides,45.4577211,-73.6430345,61,61,8
St. Ignatius Church,I1,ACNE,Acer Negundo,45.4581874,-73.6425567,12.1,12,9
St. Ignatius Church,I1,ACNE,Acer Negundo,45.4582091,-73.6425537,42.6,43,10
St. Ignatius Church,I1,ACPL,Acer Platanoides,45.4582077,-73.6424866,27.4,27,11
St. Ignatius Church,I1,ULAM,Ulmus Americana,45.4582248,-73.6424816,37.3,37,12
St. Ignatius Church,I1,ACPL,Acer Platanoides,45.458246,-73.6424726,23,23,13
St. Ignatius Church,I1,ROWO,Rosa Woodsii,45.4581705,-73.64215,25.2,25,14
St. Ignatius Church,I1,ACPL,Acer Platanoides,45.4581653,-73.6421162,55.3,55,15
St. Ignatius Church,I1,ACSA,Acer Saccharinum,45.4581566,-73.642086,116.6,117,16
St. Ignatius Church,I1,ACSA,Acer Saccharinum,45.4574727,-73.642432,48.3,48,17
St. Ignatius Church,I1,ACSA,Acer Saccharinum,45.4574029,-73.642318,37.2,37,18
St. Ignatius Church,I1,TIAM,Tilia Americana,45.4575788,-73.642316,69.7,70,19
St. Ignatius Church,I1,ALGL,Alnus Glutinosa,45.4575894,-73.6422821,13.6,14,20
St. Ignatius Church,I1,ULXXFR,Ulmus 'Frontier',45.4576063,-73.6421778,52.7,53,21
St. Ignatius Church,I1,ACPL,Acer Platanoides,45.4580579,-73.6420025,15.1,15,22
St. Ignatius Church,I1,SOAU,Sorbus Aucuparia,45.45808,-73.6420297,11.4,11,23
St. Ignatius Church,I1,ACPL,Acer Platanoides,45.458091,-73.6420461,12.1,12,24
St. Ignatius Church,I1,TIAM,Tilia Americana,45.4575612,-73.6423036,22.4,22,25
St. Ignatius Church,I1,ULAM,Ulmus Americana,45.4579132,-73.6419515,9.8,10,26
St. Ignatius Church,I1,ULAM,Ulmus Americana,45.4579231,-73.6419656,6.2,6,27
St. Ignatius Church,I1,ULAM,Ulmus Americana,45.4579262,-73.6419784,6.9,7,28
St. Ignatius Church,I1,ULAM,Ulmus Americana,45.4579643,-73.6419187,20.4,20,29
St. Ignatius Church,I1,ULAM,Ulmus Americana,45.4579478,-73.641893,5.1,5,30
St. Thomas Church,I2,AEHI,Aesculus Hippocastanum,45.4636288,-73.6423109,118.5,119,31
St. Thomas Church,I2,ACPL,Acer Platanoides,45.469574,-73.6422995,79,79,32
St. Thomas Church,I2,PIGL,Picea Glauca,45.4636698,-73.6421436,48.8,49,33
St. Thomas Church,I2,QUMA,Quercus Macrocarpa,45.4637648,-73.6421078,34.3,34,34
St. Thomas Church,I2,MABA,Malus Baccata,45.463797,-73.6420689,5,5,35
St. Thomas Church,I2,CGPU,Crataegus Punctata,45.4637243,-73.6420685,35.5,36,36
St. Thomas Church,I2,CGPU,Crataegus Punctata,45.4637314,-73.6420514,34.5,35,37
St. Thomas Church,I2,CGPU,Crataegus Punctata,45.4637241,-73.6420524,23,23,38
St. Thomas Church,I2,AEHI,Aesculus Hippocastanum,45.4636909,-73.6422147,85.6,86,39
St. Thomas Church,I2,ACPL,Acer Platanoides,45.4638322,-73.6422751,6,6,40
St. Thomas Church,I2,ACPL,Acer Platanoides,45.4637894,-73.6421845,14.3,14,41
St. Thomas Church,I2,ULAM,Ulmus Americana,45.4637036,-73.642443,8.2,8,42
St. Thomas Church,I2,ACFR,Acer Freemannii,45.4637173,-73.6423059,13.4,13,43
St. Thomas Church,I2,TACA,Taxus Canadensis,45.46373,-73.642256,24.1,24,44
St. Thomas Church,I2,ACPL,Acer Platanoides,45.463662,-73.642145,165.5,166,45
St. Thomas Church,I2,ACPL,Acer Platanoides,45.4635489,-73.6422157,57.8,58,46
St. Thomas Church,I2,ACPL,Acer Platanoides,45.4634765,-73.6421051,46.6,47,47
St. Thomas Church,I2,JUVI,Juniperus Virginiana,45.4633441,-73.6419572,6.7,7,48
St. Thomas Church,I2,JUVI,Juniperus Virginiana,45.4633669,-73.641912,10.1,10,49
St. Thomas Church,I2,MABA,Malus x 'Makamik',45.4634607,-73.6418929,6.3,6,50
St. Thomas Church,I2,ACPL,Acer Platanoides,45.4635108,-73.6418235,59.1,59,51
St. Thomas Church,I2,LOXY,Lonicera Xylosteum,45.4635343,-73.6419328,11.2,11,52
St. Thomas Church,I2,TACA,Taxus Canadensis,45.4636262,-73.6418154,43.1,43,53
St. Thomas Church,I2,TACA,Taxus Canadensis,45.4636754,-73.641977,66.1,66,54
St. Thomas Church,I2,VIOP,Viburnum opulus,45.4637234,-73.6419505,25.3,25,55
St. Thomas Church,I2,JUCO,Juniperus Communis,45.4637003,-73.6419445,12.1,12,56
St. Thomas Church,I2,THOC,Thuja Occidentalis,45.4636959,-73.6419304,6.1,6,57
St. Thomas Church,I2,CEOC,Celtis Occidentalis,45.4637102,-73.6418697,9.8,10,58
St. Thomas Church,I2,CEOC,Celtis Occidentalis,45.4637269,-73.6419046,4.8,5,59
St. Thomas Church,I2,PIPU,Picea Pungens,45.4636829,-73.6418959,38.3,38,60
St. Thomas Church,I2,SYVU,Syringa Vulgaris,45.4637097,-73.6418087,50.3,50,61
St. Thomas Church,I2,SYVU,Syringa Vulgaris,45.4637636,-73.6417624,34.9,35,62
St. Thomas Church,I2,ACPL,Acer Platanoides,45.4636919,-73.6415703,51.8,52,63
St. Thomas Church,I2,CGPU,Crataegus Punctata,45.4637974,-73.6415425,50.3,50,64
St. Thomas Church,I2,ACPL,Acer Platanoides,45.4638511,-73.64145,13.6,14,65
St. Thomas Church,I2,SYRE,Syringa Reticulata,45.4638376,-73.6414899,7.4,7,66
St. Thomas Church,I2,ACPL,Acer Platanoides,45.4639044,-73.6414453,73.3,73,67
St. Thomas Church,I2,ACPL,Acer Platanoides,45.4639905,-73.6415173,13.8,14,68
St. Thomas Church,I2,ACPL,Acer Platanoides,45.4640657,-73.6416961,54,54,69
St. Thomas Church,I2,ACPL,Acer Platanoides,45.4641285,-73.641804,66.2,66,70
St. Thomas Church,I2,ACPL,Acer Platanoides,45.4641664,-73.6419395,24.1,24,71
St. Thomas Church,I2,SYVU,Syringa Vulgaris,45.4640857,-73.6420126,11.4,11,72
St. Thomas Church,I2,TACA,Taxus Canadensis,45.4640613,-73.6420682,12.2,12,73
St. Thomas Church,I2,TACA,Taxus Canadensis,45.4640498,-73.6420799,17.4,17,74
St. Thomas Church,I2,PRPE,Prunus Persica,45.4640187,-73.6420873,18.3,18,75
St. Thomas Church,I2,PIPU,Picea Pungens,45.4639301,-73.642144,6.5,7,76
St. Thomas Church,I2,ROPS,Robinia Pseudoacacia,45.4639341,-73.6421497,5.8,6,77
St. Thomas Church,I2,PNST,Pinus Strobus,45.4638623,-73.6420675,6.2,6,78
St. Thomas Church,I2,TACA,Taxus Canadensis,45.4639,-73.642205,7.7,8,79
St. Monica Church,I3,ACNE,Acer Negundo,45.468112,-73.6341916,60.8,61,80
St. Monica Church,I3,ACNE,Acer Negundo,45.4681395,-73.6342392,55.9,56,81
St. Monica Church,I3,ACPL,Acer Platanoides,45.4681518,-73.6342616,15.2,15,82
St. Monica Church,I3,MABA,Malus Baccata,45.4681308,-73.6343398,27.6,28,83
St. Monica Church,I3,MABA,Malus Baccata,45.4681623,-73.6344417,26.6,27,84
St. Monica Church,I3,EUEU,Euonymus Europaeus,45.4684353,-73.6345788,4.7,5,85
St. Monica Church,I3,ACPL,Acer Platanoides,45.4684471,-73.6346355,9.4,9,86
St. Monica Church,I3,ACPL,Acer Platanoides,45.4684647,-73.6346951,5.4,5,87
St. Monica Church,I3,ULPU,Ulmus Pumila,45.4684767,-73.634724,5,5,88
St. Monica Church,I3,ACNE,Acer Negundo,45.4683737,-73.6348511,51.6,52,89
St. Monica Church,I3,ACNE,Acer Negundo,45.4683065,-73.6349127,39.2,39,90
St. Monica Church,I3,ACNE,Acer Negundo,45.4682865,-73.6349362,49.1,49,91
St. Monica Church,I3,ULAM,Ulmus Americana,45.4682917,-73.6349322,34.4,34,92
St. Monica Church,I3,ACPL,Acer Platanoides,45.4685113,-73.6351193,32.4,32,93
St. Monica Church,I3,FRPE,Fraxinus Pennsylvanica,45.4684852,-73.6352279,6.4,6,94
St. Monica Church,I3,ACPL,Acer Platanoides,45.4682656,-73.6352299,31.5,32,95
St. Monica Church,I3,ACPL,Acer Platanoides,45.4682216,-73.6351525,18.3,18,96
St. Monica Church,I3,ACPL,Acer Platanoides,45.4681807,-73.6351112,21.4,21,97
St. Monica Church,I3,ACPL,Acer Platanoides,45.4681712,-73.6350971,12.7,13,98
St. Monica Church,I3,ULAM,Ulmus Americana,45.4682122,-73.6349738,113.7,114,99
St. Monica Church,I3,ACNE,Acer Negundo,45.4682268,-73.6349741,35.1,35,100
St. Monica Church,I3,PIPU,Picea Pungens,45.4680789,-73.6348256,18,18,101
St. Monica Church,I3,MABA,Malus Baccata,45.4679778,-73.6345869,49.7,50,102
St. Monica Church,I3,MABA,Malus Baccata,45.467946,-73.634502,40.9,41,103
St. Monica Church,I3,THOC,Thuja Occidentalis,45.4679528,-73.6344652,13.6,14,104
St. Monica Church,I3,PIPU,Picea Pungens,45.4677838,-73.6343622,35,35,105
St. Monica Church,I3,ACPL,Acer Platanoides,45.4676679,-73.6345325,10,10,106
St. Monica Church,I3,PIPU,Picea Pungens,45.4677255,-73.634665,22.4,22,107
St. Monica Church,I3,SYVU,Syringa Vulgaris,45.4675965,-73.6344963,33.1,33,108
St. Monica Church,I3,ACPL,Acer Platanoides,45.4676046,-73.6345392,5.9,6,109
St. Monica Church,I3,SYVU,Syringa Vulgaris,45.4676103,-73.634552,53.2,53,110
St. Monica Church,I3,SYVU,Syringa Vulgaris,45.4676514,-73.6345563,6.4,6,111
St. Monica Church,I3,SYVU,Syringa Vulgaris,45.4676561,-73.6345714,16.3,16,112
St. Monica Church,I3,ULAM,Ulmus Americana,45.4676585,-73.6345922,8.9,9,113
St. Monica Church,I3,SYVU,Syringa Vulgaris,45.4676034,-73.6346231,7.5,8,114
St. Monica Church,I3,SYVU,Syringa Vulgaris,45.4676109,-73.6346522,7.6,8,115
St. Monica Church,I3,SYVU,Syringa Vulgaris,45.467619,-73.63467,9.9,10,116
St. Monica Church,I3,PRVI,Prunus Virginiana,45.467622,-73.6346781,5.7,6,117
St. Monica Church,I3,ACNE,Acer Negundo,45.4677071,-73.63485,54.4,54,118
St. Monica Church,I3,MABA,Malus Baccata,45.4677523,-73.6349657,8.7,9,119
St. Monica Church,I3,MABA,Malus Baccata,45.4677791,-73.6350009,12.6,13,120
St. Monica Church,I3,PNRE,Pinus Resinosa,45.4678028,-73.6350898,46.4,46,121
St. Catherine de Sienne Church,I4,ACPL,Acer Platanoides,45.4612491,-73.6432692,55.3,55,122
St. Catherine de Sienne Church,I4,SYVU,Syringa Vulgaris,45.4612002,-73.6432266,32.1,32,123
St. Catherine de Sienne Church,I4,GYDI,Gymnocladus Dioicus,45.461206,-73.6430693,16,16,124
St. Catherine de Sienne Church,I4,GYDI,Gymnocladus Dioicus,45.461148,-73.6429258,18.9,19,125
St. Catherine de Sienne Church,I4,ACPL,Acer Platanoides,45.4611004,-73.6428517,29.5,30,126
St. Catherine de Sienne Church,I4,GYDI,Gymnocladus Dioicus,45.4610576,-73.6427961,17.5,18,127
St. Catherine de Sienne Church,I4,PRCE,Prunus Cerasifera,45.4612034,-73.6433097,7.9,8,128
St. Catherine de Sienne Church,I4,ACPL,Acer Platanoides,45.461087,-73.6434673,74,74,129
St. Catherine de Sienne Church,I4,PRCO,Prunus Domestica,45.4607444,-73.6429862,11.1,11,130
St. Catherine de Sienne Church,I4,PYCO,Pyrus Communis,45.4607089,-73.642951,8.6,9,131
St. Catherine de Sienne Church,I4,THOC,Thuja Occidentalis,45.4608197,-73.6429761,68.7,69,132
St. Catherine de Sienne Church,I4,THOC,Thuja Occidentalis,45.4608476,-73.642956,59.9,60,133
St. Catherine de Sienne Church,I4,THOC,Thuja Occidentalis,45.4608608,-73.6429922,26.3,26,134
St. Catherine de Sienne Church,I4,ACSA,Acer Saccharinum,45.4609601,-73.6435441,70.6,71,135
St. Catherine de Sienne Church,I4,ACSA,Acer Saccharinum,45.4608446,-73.6436363,19,19,136
St. Catherine de Sienne Church,I4,ACPL,Acer Platanoides,45.46072,-73.6435454,80.5,81,137
St. Catherine de Sienne Church,I4,ACPL,Acer Platanoides,45.4606849,-73.6434174,61.6,62,138
St. Catherine de Sienne Church,I4,ACPL,Acer Platanoides,45.4606273,-73.6432621,56.8,57,139
St. Catherine de Sienne Church,I4,GLTR,Gleditsia Triacanthos,45.4605589,-73.6431116,4.5,5,140
St. Catherine de Sienne Church,I4,THOC,Thuja Occidentalis,45.4608039,-73.6432574,20,20,141
St. Catherine de Sienne Church,I4,THOC,Thuja Occidentalis,45.4608107,-73.6432363,6.7,7,142
St. Catherine de Sienne Church,I4,THOC,Thuja Occidentalis,45.4608227,-73.6432142,9.6,10,143
St. Catherine de Sienne Church,I4,THOC,Thuja Occidentalis,45.460889,-73.6431387,8.8,9,144
St. Catherine de Sienne Church,I4,THOC,Thuja Occidentalis,45.4609057,-73.6431233,10,10,145
St. Catherine de Sienne Church,I4,THOC,Thuja Occidentalis,45.4609203,-73.6431136,11.1,11,146
St. Catherine de Sienne Church,I4,THOC,Thuja Occidentalis,45.4608947,-73.643119,4.5,5,147
St. Catherine de Sienne Church,I4,PIRU,Picea Rubens,45.4609255,-73.6431391,15.1,15,148
St. Catherine de Sienne Church,I4,SYVU,Syringa Vulgaris,45.4609401,-73.6431605,29.1,29,149
St. Catherine de Sienne Church,I4,SYVU,Syringa Vulgaris,45.4607338,-73.6431324,88.6,89,150
St. Phillips Church,I5,ACSA,Acer Saccharinum,45.4542769,-73.6435855,48.3,48,151
St. Phillips Church,I5,TIAM,Tilia Americana,45.4541748,-73.6434814,116.1,116,152
St. Phillips Church,I5,TIAM,Tilia Americana,45.4540979,-73.6435069,102.3,102,153
St. Phillips Church,I5,ULAM,Ulmus Americana,45.4541637,-73.6434385,12.6,13,154
St. Phillips Church,I5,LOXY,Lonicera Xylosteum,45.454049,-73.6434348,24.8,25,155
St. Phillips Church,I5,ACSA,Acer Saccharinum,45.453885,-73.6436041,80.3,80,156
St. Phillips Church,I5,FRPE,Fraxinus Pennsylvanica,45.4538982,-73.643817,13.4,13,157
St. Phillips Church,I5,ACNE,Acer Negundo,45.4538907,-73.6437852,22.1,22,158
St. Phillips Church,I5,ACPL,Acer Platanoides,45.4538763,-73.643809,74.2,74,159
St. Phillips Church,I5,ACPL,Acer Platanoides,45.4538495,-73.6437731,11.6,12,160
St. Phillips Church,I5,PRPA,Prunus Padus,45.4538243,-73.6437738,23,23,161
St. Phillips Church,I5,ACPL,Acer Platanoides,45.4538333,-73.6431932,5,5,162
St. Phillips Church,I5,ACPL,Acer Platanoides,45.4538493,-73.6438284,7,7,163
St. Phillips Church,I5,ACPL,Acer Platanoides,45.4538385,-73.6438314,11.8,12,164
St. Phillips Church,I5,ACPL,Acer Platanoides,45.4538319,-73.643811,22.5,23,165
St. Phillips Church,I5,ACPL,Acer Platanoides,45.4538274,-73.6437624,22.8,23,166
St. Phillips Church,I5,PIGL,Picea Glauca,45.4538051,-73.6437855,25.9,26,167
St. Phillips Church,I5,GLTR,Gleditsia Triacanthos,45.4537874,-73.6438026,32.3,32,168
St. Phillips Church,I5,THOC,Thuja Occidentalis,45.4537218,-73.6436011,20,20,169
St. Phillips Church,I5,ACNE,Acer Negundo,45.4538124,-73.6437704,21,21,170
St. Phillips Church,I5,ACPL,Acer Platanoides,45.4538234,-73.6438314,19,19,171
St. Phillips Church,I5,ULAM,Ulmus Americana,45.4537011,-73.6435193,6.3,6,172
St. Phillips Church,I5,GLTR,Gleditsia Triacanthos,45.4536371,-73.6435203,35.5,36,173
St. Phillips Church,I5,ACSA,Acer Saccharinum,45.4537406,-73.6433439,81.6,82,174
St. Phillips Church,I5,GLTR,Gleditsia Triacanthos,45.4536044,-73.6433741,38.6,39,175
St. Phillips Church,I5,PIPU,Picea Pungens,45.4538973,-73.6432427,44.3,44,176
St. Phillips Church,I5,AMLA,Amelanchier Laevis,45.453977,-73.6432004,30.3,30,177
St. Phillips Church,I5,BENI,Betula Nigra,45.4537449,-73.643235,5.2,5,178
St. Phillips Church,I5,CORU,Cornus Rugosa,45.4538368,-73.643011,30.3,30,179
St. Phillips Church,I5,MABA,Malus Baccata,45.4536877,-73.6429265,23.7,24,180
St. Phillips Church,I5,ACPL,Acer Platanoides,45.4536202,-73.6428179,40.3,40,181
St. Phillips Church,I5,ACSA,Acer Saccharinum,45.4536623,-73.6429463,109.6,110,182
St. Phillips Church,I5,ACSA,Acer Saccharinum,45.4535501,-73.6430046,78.2,78,183
St. Phillips Church,I5,ACPL,Acer Platanoides,45.4535426,-73.642951,21.4,21,184
St. Phillips Church,I5,ACPL,Acer Platanoides,45.4535416,-73.6429989,9.3,9,185
St. Phillips Church,I5,ACPL,Acer Platanoides,45.4535045,-73.6429168,23.3,23,186
St. Phillips Church,I5,ACPL,Acer Platanoides,45.4535075,-73.6430301,91.4,91,187
St. Phillips Church,I5,LOXY,Lonicera Xylosteum,45.4534894,-73.6430023,23.5,24,188
St. Phillips Church,I5,LOXY,Lonicera Xylosteum,45.453473,-73.6429909,16.4,16,189
St. Phillips Church,I5,RHCA,Rhamnus Cathartica,45.453423,-73.6429647,7,7,190
St. Phillips Church,I5,ACPLCK,Acer Platanoides Â¬Crimson KingÂ¬,45.453405,-73.6428658,31.5,32,191
St. Phillips Church,I5,LOXY,Lonicera Xylosteum,45.4534525,-73.6427619,25.8,26,192
St. Phillips Church,I5,LOXY,Lonicera Xylosteum,45.4535083,-73.6427465,9.3,9,193
St. Phillips Church,I5,LOXY,Lonicera Xylosteum,45.4535315,-73.6427237,7.2,7,194
St. Phillips Church,I5,LOXY,Lonicera Xylosteum,45.4536384,-73.6427066,12.5,13,195
St. Phillips Church,I5,LOXY,Lonicera Xylosteum,45.4535546,-73.6426895,18.3,18,196
St. Phillips Church,I5,LOXY,Lonicera Xylosteum,45.45361,-73.642674,9.7,10,197
St. Phillips Church,I5,LOXY,Lonicera Xylosteum,45.453638,-73.642647,13.2,13,198
St. Phillips Church,I5,ACPL,Acer Platanoides,45.453593,-73.642731,22.2,22,199
St. Phillips Church,I5,ACPL,Acer Platanoides,45.4534857,-73.6427321,42.8,43,200
St. Phillips Church,I5,ACPL,Acer Platanoides,45.4535014,-73.6427233,27,27,201
St. Phillips Church,I5,LOXY,Lonicera Xylosteum,45.4535118,-73.6427146,16.2,16,202
St. Phillips Church,I5,LOXY,Lonicera Xylosteum,45.4535306,-73.6427039,6,6,203
St. Phillips Church,I5,LOXY,Lonicera Xylosteum,45.4535551,-73.6426915,6.2,6,204
St. Phillips Church,I5,LOXY,Lonicera Xylosteum,45.4535929,-73.6427233,9.3,9,205
St. Phillips Church,I5,ACPL,Acer Platanoides,45.4536249,-73.6426955,84.3,84,206
St. Phillips Church,I5,PRVI,Prunus Virginiana,45.4536741,-73.6426295,32.7,33,207
St. Phillips Church,I5,ACPL,Acer Platanoides,45.4537726,-73.6427421,75.7,76,208
St. Phillips Church,I5,LOXY,Lonicera Xylosteum,45.4537035,-73.6425661,33.8,34,209
St. Phillips Church,I5,ACSA,Acer Saccharinum,45.4538319,-73.6424726,41.4,41,210
St. Phillips Church,I5,ACSA,Acer Saccharinum,45.4539648,-73.6425859,84.1,84,211
St. Phillips Church,I5,ACSA,Acer Saccharinum,45.4540838,-73.6428434,48,48,212
St. Phillips Church,I5,ACSA,Acer Saccharinum,45.4541,-73.6429,44.8,45,213
Ywen Kuok Buddhist Temple,I6,ACPL,Acer Platanoides,45.4623583,-73.6379041,7.6,8,214
Ywen Kuok Buddhist Temple,I6,ACPL,Acer Platanoides,45.4623477,-73.6379115,10.9,11,215
Ywen Kuok Buddhist Temple,I6,ACSA,Acer Saccharinum,45.4623449,-73.6379363,7.1,7,216
Ywen Kuok Buddhist Temple,I6,ACNE,Acer Negundo,45.4623343,-73.6379128,9.2,9,217
Ywen Kuok Buddhist Temple,I6,RHCA,Rhamnus Cathartica,45.4623247,-73.6369225,19,19,218
Ywen Kuok Buddhist Temple,I6,ACFR,Acer Freemannii,45.4623247,-73.6379503,83.1,83,219
Ywen Kuok Buddhist Temple,I6,ACPL,Acer Platanoides,45.4622986,-73.6379567,12.7,13,220
Ywen Kuok Buddhist Temple,I6,CEOC,Celtis Occidentalis,45.4622781,-73.6379795,5.1,5,221
Ywen Kuok Buddhist Temple,I6,ULPU,Ulmus Pumila,45.4622407,-73.6379966,65.7,66,222
Ywen Kuok Buddhist Temple,I6,LOXY,Lonicera Xylosteum,45.4622087,-73.6380566,12.3,12,223
Ywen Kuok Buddhist Temple,I6,ACNE,Acer Negundo,45.4622087,-73.6380566,6.7,7,224
Ywen Kuok Buddhist Temple,I6,ACFR,Acer Freemannii,45.462137,-73.638117,68,68,225
Ywen Kuok Buddhist Temple,I6,ACSA,Acer Saccharinum,45.4620145,-73.6382826,59.1,59,226
Ywen Kuok Buddhist Temple,I6,CEOC,Celtis Occidentalis,45.4619999,-73.6389033,5.7,6,227
Ywen Kuok Buddhist Temple,I6,ACSA,Acer Saccharinum,45.4620996,-73.6384519,54.4,54,228
Ywen Kuok Buddhist Temple,I6,ACSA,Acer Saccharinum,45.4620166,-73.6384559,54.5,55,229
Ywen Kuok Buddhist Temple,I6,ACSA,Acer Saccharinum,45.4620446,-73.6385512,52.4,52,230
Ywen Kuok Buddhist Temple,I6,ACSA,Acer Saccharinum,45.4620679,-73.6386363,46,46,231
Ywen Kuok Buddhist Temple,I6,ACSA,Acer Saccharinum,45.46213,-73.6388174,81.6,82,232
Ywen Kuok Buddhist Temple,I6,ACPL,Acer Platanoides,45.4622953,-73.6387054,9.3,9,233
Ywen Kuok Buddhist Temple,I6,ACPL,Acer Platanoides,45.462497,-73.6385056,49.7,50,234
Ywen Kuok Buddhist Temple,I6,EUAL,Euonymus Alatus,45.4623317,-73.6384875,17.3,17,235
Ywen Kuok Buddhist Temple,I6,ACPL,Acer Platanoides,45.4623886,-73.638579,44.4,44,236
Ywen Kuok Buddhist Temple,I6,ACPL,Acer Platanoides,45.4624498,-73.6385304,71.6,72,237
Ywen Kuok Buddhist Temple,I6,THOC,Thuja Occidentalis,45.4625013,-73.6383601,6.5,7,238
Ywen Kuok Buddhist Temple,I6,THOC,Thuja Occidentalis,45.4625375,-73.6383466,11.6,12,239
Ywen Kuok Buddhist Temple,I6,THOC,Thuja Occidentalis,45.4625516,-73.6383326,20.4,20,240
Ywen Kuok Buddhist Temple,I6,THOC,Thuja Occidentalis,45.4625695,73.6383279,26.2,26,241
Ywen Kuok Buddhist Temple,I6,THOC,Thuja Occidentalis,45.4625798,73.6383121,15.8,16,242
Ywen Kuok Buddhist Temple,I6,THOC,Thuja Occidentalis,45.4625768,73.6382863,9.2,9,243
Ywen Kuok Buddhist Temple,I6,THOC,Thuja Occidentalis,45.462586,-73.638314,6.3,6,244
Ywen Kuok Buddhist Temple,I6,THOC,Thuja Occidentalis,45.462599,-73.638313,15.2,15,245
Ywen Kuok Buddhist Temple,I6,THOC,Thuja Occidentalis,45.462606,-73.638302,14,14,246
Ywen Kuok Buddhist Temple,I6,THOC,Thuja Occidentalis,45.462615,-73.638295,10.3,10,247
Ywen Kuok Buddhist Temple,I6,THOC,Thuja Occidentalis,45.462619,-73.638288,17,17,248
Ywen Kuok Buddhist Temple,I6,THOC,Thuja Occidentalis,45.462622,-73.638278,23.3,23,249
Ywen Kuok Buddhist Temple,I6,ACPL,Acer Platanoides,45.462648,73.6384284,39.7,40,250
Ywen Kuok Buddhist Temple,I6,ACPL,Acer Platanoides,45.4627364,73.6383668,27.7,28,251
Ywen Kuok Buddhist Temple,I6,ACSA,Acer Saccharinum,45.4627324,73.6382437,65,65,252
Ywen Kuok Buddhist Temple,I6,ACSA,Acer Saccharinum,45.4626863,73.6381277,19.5,20,253
Ywen Kuok Buddhist Temple,I6,ACPL,Acer Platanoides,45.4626428,73.6380211,47.2,47,254
Ywen Kuok Buddhist Temple,I6,ACSA,Acer Saccharinum,45.4626,73.6379229,21.3,21,255
Ywen Kuok Buddhist Temple,I6,THOC,Thuja Occidentalis,45.4625187,-73.6380241,35.5,36,256
Ywen Kuok Buddhist Temple,I6,CTSP,Catalpa Speciosa,45.4625754,-73.6378236,6.1,6,257
Ywen Kuok Buddhist Temple,I6,PIPU,Picea Pungens,45.4625598,-73.6378005,5.3,5,258
Ywen Kuok Buddhist Temple,I6,ACSA,Acer Saccharinum,45.4624749,-73.6378588,62,62,259
Ywen Kuok Buddhist Temple,I6,ACSA,Acer Saccharinum,45.4624223,-73.6378923,49.7,50,260
College Prep International,I7,JUVI,Juniperus Virginiana,45.4542246,-73.6422928,8.1,8,261
College Prep International,I7,TITO,Tilia Tomentosa,45.4542726,-73.642097,5.9,6,262
College Prep International,I7,ACSA,Acer Saccharinum,45.4541237,-73.6422436,48.8,49,263
College Prep International,I7,JUNI,Juglans Nigra,45.4541661,-73.6427123,16,16,264
Kells Senior Academy,I8,THOC,Thuja Occidentalis,45.459665,-73.6312784,7.1,7,265
Kells Senior Academy,I8,RHTY,Rhus Typhina,45.4596721,-73.6310614,6.2,6,266
Kells Senior Academy,I8,SYRE,Syringa Reticulata,45.4596436,-73.6311892,33.1,33,267
Kells Senior Academy,I8,MABA,Malus Baccata,45.4595923,-73.6310614,22.9,23,268
Kells Senior Academy,I8,THOC,Thuja Occidentalis,45.459412,-73.631355,8.4,8,269
Kells Senior Academy,I8,THOC,Thuja Occidentalis,45.459427,-73.631398,5.7,6,270
Kells Senior Academy,I8,THOC,Thuja Occidentalis,45.459446,-73.631449,6.3,6,271
Kells Senior Academy,I8,THOC,Thuja Occidentalis,45.459469,-73.6315,7.2,7,272
Kells Senior Academy,I8,THOC,Thuja Occidentalis,45.459484,-73.631548,6.9,7,273
Kells Primary Academy,I9,CEOC,Celtis Occidentalis,45.4621756,-73.6267508,18.6,19,274
Kells Primary Academy,I9,ACNE,Acer Negundo,45.4622652,-73.626688,117,117,275
Kells Primary Academy,I9,ACNE,Acer Negundo,45.4622833,-73.6265862,31.1,31,276
Kells Primary Academy,I9,THOC,Thuja Occidentalis,45.4621777,-73.6264329,17.4,17,277
Kells Primary Academy,I9,THOC,Thuja Occidentalis,45.4621747,-73.6263082,29.3,29,278
Kells Primary Academy,I9,THOC,Thuja Occidentalis,45.4621979,-73.6262881,24.3,24,279
Kells Primary Academy,I9,THOC,Thuja Occidentalis,45.4622106,-73.626268,19.7,20,280
Kells Primary Academy,I9,THOC,Thuja Occidentalis,45.4622356,-73.6262449,26.1,26,281
Kells Primary Academy,I9,THOC,Thuja Occidentalis,45.4622381,-73.6262278,28.2,28,282
Kells Primary Academy,I9,THOC,Thuja Occidentalis,45.4622492,-73.626212,31.4,31,283
Kells Primary Academy,I9,ACSA,Acer Saccharinum,45.4622156,-73.6261691,21,21,284
Kells Primary Academy,I9,ACSA,Acer Saccharinum,45.4621725,-73.6260387,20.8,21,285
Kells Primary Academy,I9,ACSA,Acer Saccharinum,45.462119,-73.626063,25.1,25,286
Kells Primary Academy,I9,ACSA,Acer Saccharinum,45.462074,-73.626146,17,17,287
Kells Primary Academy,I9,ACSA,Acer Saccharinum,45.462027,-73.626229,26,26,288
Kells Primary Academy,I9,ACSA,Acer Saccharinum,45.461984,-73.626318,25.4,25,289
Kells Primary Academy,I9,ACSA,Acer Saccharinum,45.461941,-73.626401,23.9,24,290
Kells Primary Academy,I9,GLTR,Gleditsia Triacanthos,45.46189,-73.626496,19.7,20,291
Kells Primary Academy,I9,GLTR,Gleditsia Triacanthos,45.461898,-73.626541,15.8,16,292
Kells Primary Academy,I9,GLTR,Gleditsia Triacanthos,45.461873,-73.626587,15,15,293
Kells Primary Academy,I9,GLTR,Gleditsia Triacanthos,45.461838,-73.62659,14.9,15,294
Kells Primary Academy,I9,THOC,Thuja Occidentalis,45.461773,-73.626821,22.9,23,295
Kells Primary Academy,I9,THOC,Thuja Occidentalis,45.461776,-73.62683,14.3,14,296
Kells Primary Academy,I9,THOC,Thuja Occidentalis,45.4617659,-73.626838,13.2,13,297
Kells Primary Academy,I9,THOC,Thuja Occidentalis,45.461783,-73.626843,16.1,16,298
Kells Primary Academy,I9,THOC,Thuja Occidentalis,45.461785,-73.626852,14.6,15,299
Kells Primary Academy,I9,THOC,Thuja Occidentalis,45.461789,-73.626862,17.2,17,300
Kells Primary Academy,I9,THOC,Thuja Occidentalis,45.461794,-73.626873,13.3,13,301
Kells Primary Academy,I9,THOC,Thuja Occidentalis,45.461798,-73.62688,13.2,13,302
Kells Primary Academy,I9,THOC,Thuja Occidentalis,45.461803,-73.626902,16.2,16,303
Kells Primary Academy,I9,THOC,Thuja Occidentalis,45.461801,-73.626891,11.7,12,304
Kells Primary Academy,I9,THOC,Thuja Occidentalis,45.461807,-73.626913,9.3,9,305
Kells Primary Academy,I9,THOC,Thuja Occidentalis,45.461809,-73.62692,17.2,17,306
Kells Primary Academy,I9,THOC,Thuja Occidentalis,45.461812,-73.626925,12.6,13,307
Kells Primary Academy,I9,THOC,Thuja Occidentalis,45.461813,-73.626934,11.4,11,308
Kells Primary Academy,I9,THOC,Thuja Occidentalis,45.461817,-73.626941,14.3,14,309
Kells Primary Academy,I9,THOC,Thuja Occidentalis,45.461819,-73.626946,13.2,13,310
Kells Primary Academy,I9,THOC,Thuja Occidentalis,45.461822,-73.626955,10.3,10,311
Kells Primary Academy,I9,THOC,Thuja Occidentalis,45.461826,-73.626964,11.2,11,312
Kells Primary Academy,I9,THOC,Thuja Occidentalis,45.461828,-73.626971,17.4,17,313
Kells Primary Academy,I9,THOC,Thuja Occidentalis,45.461831,-73.626978,12.2,12,314
Kells Primary Academy,I9,THOC,Thuja Occidentalis,45.461834,-73.626985,14.1,14,315
Kells Primary Academy,I9,THOC,Thuja Occidentalis,45.461837,-73.626992,13.2,13,316
Kells Primary Academy,I9,THOC,Thuja Occidentalis,45.46184,-73.626999,17.1,17,317
Kells Primary Academy,I9,THOC,Thuja Occidentalis,45.461844,-73.627004,16.2,16,318
Kells Primary Academy,I9,THOC,Thuja Occidentalis,45.461846,-73.627011,13.5,14,319
Kells Primary Academy,I9,THOC,Thuja Occidentalis,45.461845,-73.627017,17.6,18,320
Kells Primary Academy,I9,THOC,Thuja Occidentalis,45.461852,-73.627028,13.4,13,321
Kells Primary Academy,I9,ACNE,Acer Negundo,45.4619736,-73.6272728,33.3,33,322
Kells Primary Academy,I9,ACNE,Acer Negundo,45.4619442,-73.6273563,37.7,38,323
Kells Primary Academy,I9,ACNE,Acer Negundo,45.461927,-73.627386,34.7,35,324
Kells Primary Academy,I9,ACNE,Acer Negundo,45.461905,-73.627408,45.5,46,325
Kells Primary Academy,I9,ACNE,Acer Negundo,45.461883,-73.627443,30.6,31,326
Kells Primary Academy,I9,ACNE,Acer Negundo,45.461864,-73.627385,45,45,327
Kells Primary Academy,I9,ACPL,Acer Platanoides,45.4614974,-73.6272098,52.3,52,328
Kells Primary Academy,I9,ACPL,Acer Platanoides,45.4621053,-73.6267709,22.9,23,329
Kells Primary Academy,I9,PRSE,Prunus Serotina,45.4620855,-73.6267974,10.1,10,330
Kells Primary Academy,I9,THOC,Thuja Occidentalis,45.462074,-73.626849,10.2,10,331
Kells Primary Academy,I9,THOC,Thuja Occidentalis,45.462086,-73.626863,16.6,17,332
Kells Primary Academy,I9,THOC,Thuja Occidentalis,45.462094,-73.626873,6.8,7,333
Kells Primary Academy,I9,THOC,Thuja Occidentalis,45.462096,-73.62688,6,6,334
Kells Primary Academy,I9,THOC,Thuja Occidentalis,45.462096,-73.626903,5,5,335
Kells Primary Academy,I9,THOC,Thuja Occidentalis,45.46209,-73.626912,6.3,6,336
Kells Primary Academy,I9,THOC,Thuja Occidentalis,45.462088,-73.626921,8.3,8,337
Kells Primary Academy,I9,THOC,Thuja Occidentalis,45.462083,-73.626934,5.1,5,338
Kells Primary Academy,I9,THOC,Thuja Occidentalis,45.462078,-73.62695,9,9,339
Kells Primary Academy,I9,THOC,Thuja Occidentalis,45.46207,-73.626961,6.8,7,340
Kells Primary Academy,I9,MGXXSO,Magnolia Soulangeana,45.4621074,-73.6268621,15.2,15,341
Kells Primary Academy,I9,SYVU,Syringa Vulgaris,45.4620209,-73.6269808,8.1,8,342
Kells Primary Academy,I9,THOC,Thuja Occidentalis,45.462018,-73.626925,6.7,7,343
Kells Primary Academy,I9,THOC,Thuja Occidentalis,45.462034,-73.626939,9.2,9,344
Kells Primary Academy,I9,THOC,Thuja Occidentalis,45.462044,-73.626946,5.1,5,345
Kells Primary Academy,I9,THOC,Thuja Occidentalis,45.462049,-73.626957,8.7,9,346
Kells Primary Academy,I9,THOC,Thuja Occidentalis,45.462054,-73.626991,5.2,5,347
Kells Primary Academy,I9,THOC,Thuja Occidentalis,45.462052,-73.627,11.1,11,348
Kells Primary Academy,I9,THOC,Thuja Occidentalis,45.462044,-73.627013,7.3,7,349
Kells Primary Academy,I9,THOC,Thuja Occidentalis,45.462039,-73.627026,6.1,6,350
Kells Primary Academy,I9,THOC,Thuja Occidentalis,45.462032,-73.627031,6.8,7,351
Kells Primary Academy,I9,THOC,Thuja Occidentalis,45.462026,-73.627037,5.4,5,352
Kells Primary Academy,I9,THOC,Thuja Occidentalis,45.462017,-73.627042,6.9,7,353
Kells Primary Academy,I9,THOC,Thuja Occidentalis,45.462008,-73.627047,11.7,12,354
Kells Primary Academy,I9,THOC,Thuja Occidentalis,45.462001,-73.627048,5.6,6,355
Kells Primary Academy,I9,THOC,Thuja Occidentalis,45.46199,-73.627051,7.4,7,356
Kells Primary Academy,I9,THOC,Thuja Occidentalis,45.461984,-73.627048,11.3,11,357
Kells Primary Academy,I9,THOC,Thuja Occidentalis,45.461976,-73.627049,6.5,7,358
Kells Primary Academy,I9,THOC,Thuja Occidentalis,45.461969,-73.627052,7.9,8,359
Kells Primary Academy,I9,THOC,Thuja Occidentalis,45.461962,-73.62706,9.2,9,360
Kells Primary Academy,I9,THOC,Thuja Occidentalis,45.461959,-73.627055,10.4,10,361
Kells Primary Academy,I9,THOC,Thuja Occidentalis,45.461953,-73.627058,5.3,5,362
Kells Primary Academy,I9,THOC,Thuja Occidentalis,45.461951,-73.62706,6.7,7,363
Kells Primary Academy,I9,THOC,Thuja Occidentalis,45.461948,-73.627065,8.2,8,364
Kells Primary Academy,I9,THOC,Thuja Occidentalis,45.461936,-73.627069,7.5,8,365
Kells Primary Academy,I9,THOC,Thuja Occidentalis,45.461927,-73.627064,9.1,9,366
Kells Primary Academy,I9,THOC,Thuja Occidentalis,45.461938,-73.627022,6.7,7,367
Kells Primary Academy,I9,THOC,Thuja Occidentalis,45.461921,-73.627035,5.1,5,368
Kells Primary Academy,I9,ACNE,Acer Negundo,45.4619628,-73.6271538,103.7,104,369
Kells Primary Academy,I9,PONI,Populus Nigra,45.461983,-73.627181,93.1,93,370
Kells Primary Academy,I9,PONI,Populus Nigra,45.461981,-73.62719,16.2,16,371
Kells Primary Academy,I9,PRVI,Prunus Virginiana,45.461986,-73.627199,7.5,8,372
Kells Primary Academy,I9,ACNE,Acer Negundo,45.461995,-73.627212,78,78,373
Kells Primary Academy,I9,ACPL,Acer Platanoides,45.462098,-73.6271193,64.7,65,374
Kells Primary Academy,I9,ACNE,Acer Negundo,45.4621281,-73.6270395,79.8,80,375
Kells Primary Academy,I9,ACNE,Acer Negundo,45.4621455,-73.6269845,138,138,376
Kells Primary Academy,I9,ACNE,Acer Negundo,45.4621645,-73.6269516,52.7,53,377
St. Luc Annexe,I10,TICO,Tilia Cordata,45.4574684,-73.6428672,38.4,38,378
St. Luc Annexe,I10,ACSA,Acer Saccharinum,45.4573545,-73.6427515,45,45,379
St. Luc Annexe,I10,ACSA,Acer Saccharinum,45.4572761,-73.6428088,73.4,73,380
St. Luc Annexe,I10,ACSA,Acer Saccharinum,45.4571917,-73.6428886,55.5,56,381
St. Luc Annexe,I10,ACSA,Acer Saccharinum,45.4571092,-73.6429513,67.3,67,382
St. Luc Annexe,I10,ACSA,Acer Saccharinum,45.4570243,-73.6430274,62.9,63,383
St. Luc Annexe,I10,ACPL,Acer Platanoides,45.4569483,-73.6432672,12.7,13,384
St. Luc Annexe,I10,ACNE,Acer Negundo,45.4571957,-73.6431076,30.5,31,385
St. Luc Annexe,I10,ACNE,Acer Negundo,45.457263,-73.6430978,29.5,30,386
St. Luc Annexe,I10,ACPL,Acer Platanoides,45.4571854,-73.643291,21.5,22,387
St. Luc Annexe,I10,ACPL,Acer Platanoides,45.4572155,-73.643354,24.6,25,388
St. Luc Annexe,I10,ACPL,Acer Platanoides,45.4570414,-73.6433634,22.3,22,389
St. Luc Annexe,I10,ACPL,Acer Platanoides,45.4570414,-73.6435307,24.3,24,390
St. Luc Annexe,I10,FRPE,Fraxinus Pennsylvanica,45.4571292,-73.6437811,31.7,32,391
St. Luc Annexe,I10,MABA,Malus Baccata,45.4571656,-73.6438864,7.4,7,392
St. Luc Annexe,I10,FRPE,Fraxinus Pennsylvanica,45.4572011,-73.6440108,25.4,25,393
St. Luc Annexe,I10,FRPE,Fraxinus Pennsylvanica,45.4572251,-73.6440825,32.2,32,394
St. Luc Annexe,I10,ACSA,Acer Saccharinum,45.4572576,-73.6441657,60.3,60,395
St. Luc Annexe,I10,GLTR,Gleditsia Triacanthos,45.457592,-73.6431203,25.3,25,396
St. Luc Annexe,I10,GLTR,Gleditsia Triacanthos,45.4577018,-73.6434053,25,25,397
St. Luc Annexe,I10,ACPL,Acer Platanoides,45.4577836,-73.6436051,29.2,29,398
St. Luc Annexe,I10,GLTR,Gleditsia Triacanthos,45.4578065,-73.6436685,20.6,21,399
St. Luc Annexe,I10,TIAM,Tilia Americana,45.4577599,-73.6435397,59.8,60,400
St. Luc Annexe,I10,GLTR,Gleditsia Triacanthos,45.4572552,-73.6434888,5.2,5,401
St. Luc Annexe,I10,GLTR,Gleditsia Triacanthos,45.457221,-73.643521,7,7,402
St. Luc Annexe,I10,GLTR,Gleditsia Triacanthos,45.457248,-73.643596,5.7,6,403
St. Luc Annexe,I10,GLTR,Gleditsia Triacanthos,45.457306,-73.643558,5.8,6,404
St. Luc Annexe,I10,GLTR,Gleditsia Triacanthos,45.45734,-73.643628,8.5,9,405
St. Luc Annexe,I10,GLTR,Gleditsia Triacanthos,45.457314,-73.643746,7.5,8,406
St. Luc Annexe,I10,GLTR,Gleditsia Triacanthos,45.457361,-73.643717,5.6,6,407
St. Luc Annexe,I10,GLTR,Gleditsia Triacanthos,45.457354,-73.643816,7.3,7,408
St. Luc Annexe,I10,GLTR,Gleditsia Triacanthos,45.457356,-73.644167,6.7,7,409
St. Luc Annexe,I10,THOC,Thuja Occidentalis,45.457383,-73.644173,6.5,7,410
St. Luc Annexe,I10,THOC,Thuja Occidentalis,45.457399,-73.644156,6,6,411
St. Luc Annexe,I10,THOC,Thuja Occidentalis,45.457399,-73.64415,5.5,6,412
St. Luc Annexe,I10,THOC,Thuja Occidentalis,45.457407,-73.644143,5.3,5,413
St. Luc Annexe,I10,ACPL,Acer Platanoides,45.457437,-73.644118,45.2,45,414
St. Luc Annexe,I10,ACPL,Acer Platanoides,45.457532,-73.644022,35.1,35,415
St. Luc Annexe,I10,ACPL,Acer Platanoides,45.457596,-73.644003,27.7,28,416
St. Luc Annexe,I10,THOC,Thuja Occidentalis,45.45748,-73.644075,5.7,6,417
St. Luc Annexe,I10,THOC,Thuja Occidentalis,45.457488,-73.644066,6.2,6,418
St. Luc Annexe,I10,THOC,Thuja Occidentalis,45.457507,-73.644055,5.1,5,419
St. Luc Annexe,I10,THOC,Thuja Occidentalis,45.457562,-73.644028,6.8,7,420
St. Luc Annexe,I10,THOC,Thuja Occidentalis,45.457576,-73.644016,8.3,8,421
St. Luc Annexe,I10,THOC,Thuja Occidentalis,45.4576,-73.643999,7.5,8,422
St. Luc Annexe,I10,THOC,Thuja Occidentalis,45.457601,-73.643988,6.7,7,423
St. Luc Annexe,I10,THOC,Thuja Occidentalis,45.457637,-73.643966,8.8,9,424
St. Luc Annexe,I10,THOC,Thuja Occidentalis,45.457649,-73.643957,10.1,10,425
St. Luc Annexe,I10,THOC,Thuja Occidentalis,45.457654,-73.64395,8.9,9,426
St. Luc Annexe,I10,THOC,Thuja Occidentalis,45.457662,-73.643947,6.7,7,427
St. Luc Annexe,I10,THOC,Thuja Occidentalis,45.457664,-73.643939,9.6,10,428
St. Luc Annexe,I10,THOC,Thuja Occidentalis,45.457675,-73.643932,5.4,5,429
St. Luc Annexe,I10,THOC,Thuja Occidentalis,45.457695,-73.643918,7.1,7,430
St. Luc Annexe,I10,THOC,Thuja Occidentalis,45.457709,-73.643905,6.3,6,431
St. Luc Annexe,I10,THOC,Thuja Occidentalis,45.457717,-73.643898,5.9,6,432
St. Luc Annexe,I10,THOC,Thuja Occidentalis,45.457731,-73.643885,8.4,8,433
St. Luc Annexe,I10,THOC,Thuja Occidentalis,45.45774,-73.64388,6.7,7,434
St. Luc Annexe,I10,THOC,Thuja Occidentalis,45.457751,-73.643871,7.3,7,435
St. Luc Annexe,I10,THOC,Thuja Occidentalis,45.457758,-73.643864,5.9,6,436
St. Luc Annexe,I10,THOC,Thuja Occidentalis,45.457764,-73.643862,6.9,7,437
St. Luc Annexe,I10,THOC,Thuja Occidentalis,45.457774,-73.643854,10.5,11,438
St. Luc Annexe,I10,THOC,Thuja Occidentalis,45.457785,-73.643845,7.4,7,439
St. Luc Annexe,I10,THOC,Thuja Occidentalis,45.457793,-73.643838,9.8,10,440
St. Luc Annexe,I10,THOC,Thuja Occidentalis,45.457802,-73.643833,7.6,8,441
St. Luc Annexe,I10,THOC,Thuja Occidentalis,45.457811,-73.643822,11.3,11,442
Loyola High School,I11,ACSA,Acer Saccharinum,45.4570497,-73.6396049,75.4,75,443
Loyola High School,I11,QUMA,Quercus Macrocarpa,45.4560998,-73.6396197,64.9,65,444
Loyola High School,I11,JUVI,Juniperus Virginiana,45.4569859,-73.6395567,9.6,10,445
Loyola High School,I11,JUVI,Juniperus Virginiana,45.4569678,-73.6395654,20.8,21,446
Loyola High School,I11,JUVI,Juniperus Virginiana,45.456958,-73.639571,6.5,7,447
Loyola High School,I11,ACPL,Acer Platanoides,45.4570471,-73.639379,15.1,15,448
Loyola High School,I11,MABA,Malus 'Prairiefire',45.456988,-73.6389867,32.2,32,449
Loyola High School,I11,SYVU,Syringa Vulgaris,45.4569396,-73.6389377,33.3,33,450
Loyola High School,I11,SYVU,Syringa Vulgaris,45.456928,-73.638911,26.9,27,451
Loyola High School,I11,SYVU,Syringa Vulgaris,45.456919,-73.638898,16.2,16,452
Loyola High School,I11,SYVU,Syringa Vulgaris,45.456911,-73.638877,41.1,41,453
Loyola High School,I11,SYVU,Syringa Vulgaris,45.456903,-73.638856,20.4,20,454
Loyola High School,I11,SYVU,Syringa Vulgaris,45.456909,-73.63884,22.3,22,455
Loyola High School,I11,JUCO,Juniperus Communis,45.4569532,-73.639609,8.3,8,456
Loyola High School,I11,JUCO,Juniperus Communis,45.4569137,-73.6396391,10.4,10,457
Loyola High School,I11,JUVI,Juniperus Virginiana,45.456908,-73.639677,8.5,9,458
Loyola High School,I11,JUVI,Juniperus Virginiana,45.45691,-73.639704,6.2,6,459
Loyola High School,I11,QUMA,Quercus Macrocarpa,45.4569297,-73.6397555,58.2,58,460
Loyola High School,I11,ACPL,Acer Platanoides,45.4568556,-73.6398038,33.7,34,461
Loyola High School,I11,ACPL,Acer Platanoides,45.456806,-73.639868,24.6,25,462
Loyola High School,I11,ACPL,Acer Platanoides,45.456727,-73.639949,35.5,36,463
Loyola High School,I11,ACPL,Acer Platanoides,45.456671,-73.639989,36.6,37,464
Loyola High School,I11,ACPL,Acer Platanoides,45.456631,-73.639979,33.4,33,465
Loyola High School,I11,JUVI,Juniperus Virginiana,45.4565755,-73.6399074,18.3,18,466
Loyola High School,I11,TICO,Tilia Cordata,45.4564725,-73.6398939,46.3,46,467
Loyola High School,I11,TICO,Tilia Cordata,45.4564123,-73.6397166,49.5,50,468
Loyola High School,I11,JUVI,Juniperus Virginiana,45.4564145,-73.6395858,16.4,16,469
Loyola High School,I11,TIAM,Tilia Americana,45.4562122,-73.6392291,66.4,66,470
Loyola High School,I11,ACSA,Acer Saccharinum,45.4562018,-73.6390675,92,92,471
St. Catherine de Sienne School,I12,GLTR,Gleditsia Triacanthos,45.461346,-73.6434784,24.5,25,472
St. Catherine de Sienne School,I12,GLTR,Gleditsia Triacanthos,45.4612853,-73.6435243,20.9,21,473
St. Catherine de Sienne School,I12,GLTR,Gleditsia Triacanthos,45.4612253,-73.6435676,21.7,22,474
St. Catherine de Sienne School,I12,MABA,Malus Robusta 'Erecta',45.4609946,-73.6437332,64.8,65,475
St. Catherine de Sienne School,I12,MCAM,Maackia Amurensis,45.4608808,-73.6438368,6.7,7,476
St. Catherine de Sienne School,I12,AMGR,Amelanchier x grandiflora,45.4608093,-73.6438821,9.3,9,477
St. Catherine de Sienne School,I12,MCAM,Maackia Amurensis,45.4606193,-73.6440212,5.2,5,478
St. Catherine de Sienne School,I12,ACSC,Acer Saccharum,45.4608265,-73.6446532,54.2,54,481
St. Catherine de Sienne School,I12,QUBI,Quercus Bicolor,45.4609499,-73.6445328,5.9,6,483
St. Catherine de Sienne School,I12,ACRU,Acer Rubrum,45.4609257,-73.6444309,7.5,8,484
St. Catherine de Sienne School,I12,CEOC,Celtis Occidentalis,45.4608968,-73.6444078,6.8,7,485
St. Catherine de Sienne School,I12,ULPU,Ulmus Pumila,45.4611663,-73.6443816,6.1,6,486
St. Catherine de Sienne School,I12,ALGL,Alnus Glutinosa,45.4612331,-73.6443364,5.3,5,487
St. Catherine de Sienne School,I12,TICO,Tilia Cordata,45.4612695,-73.6443216,10.7,11,488
St. Catherine de Sienne School,I12,THOC,Thuja Occidentalis,45.461341,-73.6442609,10.7,11,490
St. Catherine de Sienne School,I12,THOC,Thuja Occidentalis,45.4613695,-73.6442418,6.8,7,491
St. Catherine de Sienne School,I12,THOC,Thuja Occidentalis,45.4613951,-73.6442234,10.1,10,492
St. Catherine de Sienne School,I12,THOC,Thuja Occidentalis,45.4614283,-73.6441888,9.7,10,493
St. Catherine de Sienne School,I12,THOC,Thuja Occidentalis,45.4614534,-73.6441721,9.6,10,494
St. Catherine de Sienne School,I12,TICO,Tilia Cordata,45.4615129,-73.6441265,8.6,9,496
St. Catherine de Sienne School,I12,ALGL,Alnus Glutinosa,45.4615614,-73.6440903,5,5,497
St. Catherine de Sienne School,I12,PNRE,Pinus Resinosa,45.4615614,-73.6440903,5.3,5,498
St. Catherine de Sienne School,I12,PNRE,Pinus Resinosa,45.4616686,-73.6440219,6,6,499
St. Catherine de Sienne School,I12,AMAR,Amelanchier Arborea,45.461642,-73.6437818,6.1,6,501
St. Catherine de Sienne School,I12,GIBI,Ginkgo Biloba,45.4615517,-73.643584,7.6,8,503
Greaves Academy,I13,ACNE,Acer Negundo,45.4641248,-73.6233886,14.5,15,504
Greaves Academy,I13,FRPE,Fraxinus Pennsylvanica,45.4641382,-73.6233048,32.2,32,505
Greaves Academy,I13,TICO,Tilia Cordata,45.4640926,-73.62317,66.1,66,506
Willingdon Senior Campus,I14,MABA,Malus x Centurion,45.4619731,-73.6432661,28,28,507
Willingdon Senior Campus,I14,MABA,Malus x Rosthurn,45.4619315,-73.6431367,24,24,508
Willingdon Senior Campus,I14,GLTR,Gleditsia Triacanthos,45.4618546,-73.6418546,20,20,509
Willingdon Senior Campus,I14,GLTR,Gleditsia Triacanthos,45.461758,-73.6431813,27,27,510
Willingdon Senior Campus,I14,GLTR,Gleditsia Triacanthos,45.4616952,-73.6432212,24.6,25,511
Willingdon Senior Campus,I14,GLTR,Gleditsia Triacanthos,45.461614,-73.6432729,41.8,42,512
Willingdon Senior Campus,I14,GLTR,Gleditsia Triacanthos,45.4615903,-73.6432786,82.7,83,513
Willingdon Senior Campus,I14,GLTR,Gleditsia Triacanthos,45.4615679,-73.6433121,7.3,7,514
Judith Jasmine School,I15,ACPL,Acer Platanoides,45.4624808,-73.6395701,41.8,42,515
Judith Jasmine School,I15,ACSA,Acer Saccharinum,45.4625857,-73.6398534,82.7,83,516
Judith Jasmine School,I15,GLTR,Gleditsia Triacanthos,45.4625857,-73.6398534,7.3,7,517
Judith Jasmine School,I15,PIPU,Picea Pungens,45.4628606,-73.6402249,33.4,33,518
Judith Jasmine School,I15,SYVU,Syringa Vulgaris,45.4628827,-73.6402178,17.4,17,519
Judith Jasmine School,I15,ACPL,Acer Platanoides,45.4629128,-73.6402872,12.5,13,520
Judith Jasmine School,I15,PIPU,Picea Pungens,45.4628912,-73.6402979,37.2,37,521
Judith Jasmine School,I15,ACPL,Acer Platanoides,45.4628361,-73.6405008,65.5,66,522
Judith Jasmine School,I15,ACPL,Acer Platanoides,45.4629043,-73.6406607,70.6,71,523
Judith Jasmine School,I15,ACPL,Acer Platanoides,45.4629824,-73.6408032,84.7,85,524
Judith Jasmine School,I15,ACGI,Acer Ginnala,45.4631099,-73.6408988,6.2,6,525
Judith Jasmine School,I15,GIBI,Ginkgo Biloba,45.4630925,-73.6409822,5.6,6,526
Judith Jasmine School,I15,ACRU,Acer Rubrum,45.4631393,-73.6410201,6.2,6,527
Judith Jasmine School,I15,GLTR,Gleditsia Triacanthos,45.4631315,-73.6410848,8.5,9,528
Judith Jasmine School,I15,GLTR,Gleditsia Triacanthos,45.4631432,-73.639911,7.5,8,529
Judith Jasmine School,I15,ULPU,Ulmus Pumila,45.4631703,-73.6398349,8.3,8,530
Judith Jasmine School,I15,CEOC,Celtis Occidentalis,45.4632406,-73.6398467,5.5,6,531
Judith Jasmine School,I15,GLTR,Gleditsia Triacanthos,45.4632641,-73.6397508,7.7,8,532
Judith Jasmine School,I15,CEOC,Celtis Occidentalis,45.4636277,-73.6406332,31.9,32,533
Judith Jasmine School,I15,ACGI,Acer Ginnala,45.463596,-73.640684,5.8,6,534
Judith Jasmine School,I15,ACGI,Acer Ginnala,45.4635569,-73.6407087,6.4,6,535
Judith Jasmine School,I15,CEOC,Celtis Occidentalis,"45.463581,",-73.640511,9.5,10,536
Judith Jasmine School,I15,ACPL,Acer Platanoides,45.463531,-73.640393,10.5,11,537
Judith Jasmine School,I15,CEOC,Celtis Occidentalis,45.463497,-73.640393,23.5,24,538
Judith Jasmine School,I15,CEOC,Celtis Occidentalis,45.463452,-73.640168,23.3,23,539
Judith Jasmine School,I15,CEOC,Celtis Occidentalis,45.463405,-73.640058,9.3,9,540
Judith Jasmine School,I15,CEOC,Celtis Occidentalis,45.463304,-73.63981,19,19,541
Judith Jasmine School,I15,CEOC,Celtis Occidentalis,45.463261,-73.639681,23.6,24,542
Judith Jasmine School,I15,ACPL,Acer Platanoides,45.463225,-73.639563,27.3,27,543
Judith Jasmine School,I15,CEOC,Celtis Occidentalis,45.463161,-73.639456,26.6,27,544
Judith Jasmine School,I15,ACPL,Acer Platanoides,45.463139,-73.639367,30.3,30,545
Judith Jasmine School,I15,ACPL,Acer Platanoides,45.463096,-73.639238,30.7,31,546
Judith Jasmine School,I15,ACPL,Acer Platanoides,45.46303,-73.639136,56.9,57,547
Judith Jasmine School,I15,ACSA,Acer Saccharinum,45.462725,-73.639323,13.8,14,548
Judith Jasmine School,I15,ACNE,Acer Negundo,45.4627136,-73.6393381,15.3,15,549
Judith Jasmine School,I15,ACPL,Acer Platanoides,45.4626534,-73.6393662,8.6,9,550
Judith Jasmine School,I15,FRPE,Fraxinus Pennsylvanica,45.4626217,-73.6394038,25.4,25,551
Judith Jasmine School,I15,ULAM,Ulmus Americana,45.4625794,-73.6394313,105.6,106,552
St. Monica School,I16,ACSA,Acer Saccharinum,45.466535,-73.634413,71.9,72,553
St. Monica School,I16,FRAM,Fraxinus Americana,45.46641,-73.6346757,7.4,7,554
St. Monica School,I16,ULAM,Ulmus Americana,45.4666843,-73.634732,4.5,5,555
St. Monica School,I16,FRAM,Fraxinus Americana,45.4667071,-73.6347954,13.7,14,556
St. Monica School,I16,ACSA,Acer Saccharinum,45.466634,-73.634674,13.2,13,557
St. Monica School,I16,ULAM,Ulmus Americana,45.4667364,-73.634674,71.5,72,558
St. Monica School,I16,ACSA,Acer Saccharinum,45.4667398,-73.6349386,48.3,48,559
St. Monica School,I16,PRCO,Prunus Domestica,45. 4667769,-73.6349526,3.7,4,560
St. Monica School,I16,PRCO,Prunus Domestica,45.4668204,-73.6349868,5.5,6,561
St. Monica School,I16,ULXXHO,Ulmus 'Homestead',45.4668703,-73.6350009,25.6,26,562
St. Monica School,I16,ULAM,Ulmus Americana,45.4668623,-73.6348376,20.4,20,563
St. Monica School,I16,PRAV,Prunus Avium,45.4669168,-73.6348413,9.3,9,564
St. Monica School,I16,ULXXHO,Ulmus 'Homestead',45.4669568,-73.6349144,27.9,28,565
St. Monica School,I16,PRAV,Prunus Avium,45.4669538,-73.6348574,16.7,17,566
St. Monica School,I16,ACFR,Acer Freemannii,45.4669686,-73.6345778,84.6,85,567
St. Monica School,I16,PODE,Populus Deltoides,45.4670205,-73.6346013,72.3,72,568
St. Monica School,I16,ULXXHO,Ulmus 'Homestead',45.4670332,-73.6348464,27.9,28,569
St. Monica School,I16,ULXXHO,Ulmus 'Homestead',45.4671162,-73.6347163,45.2,45,570
St. Monica School,I16,PRCO,Prunus Domestica,45.4671162,-73.6347163,19.2,19,571
St. Monica School,I16,PRCO,Prunus Domestica,45.4670953,-73.6346593,8.1,8,572
St. Monica School,I16,PRVI,Prunus Virginiana,45.467159,-73.6346804,14.1,14,573
St. Monica School,I16,PRVI,Prunus Virginiana,45.4671715,-73.6346512,16.3,16,574
St. Monica School,I16,SYVU,Syngria Vulgaris,45.4671593,-73.6345634,24.4,24,575
St. Monica School,I16,PIPU,Picea Pungens,45.4672288,-73.6345822,41,41,577
St. Monica School,I16,PIPU,Picea Pungens,45.4672181,-73.6345493,11,11,578
St. Monica School,I16,PIPU,Picea Pungens,45.4672576,-73.634556,35,35,579
St. Monica School,I16,CAAB,Caragana Aborescens,45.4673116,-73.6345131,79.3,79,580
St. Monica School,I16,QURU,Quercas Rubra,45.4673485,-73.634551,4.9,5,581
St. Monica School,I16,QURU,Quercas Rubra,45.4674226,-73.6344749,4.8,5,582
St. Monica School,I16,ACRU,Acer Rubrum,45.4674217,-73.6344132,15.2,15,583
St. Monica School,I16,ACNE,Acer Negundo,45.46746,-73.634273,63.1,63,584
St. Monica School,I16,PIPU,Picea Pungens,45.46748,-73.634342,29.4,29,585
St. Monica School,I16,PIPU,Picea Pungens,45.4675014,-73.634338,24.6,25,586
St. Monica School,I16,EUAL,Euonymus Alatus,45.4674894,-73.634223,11.4,11,587
St. Monica School,I16,EUAL,Euonymus Alatus,45.4674875,-73.634221,12.5,13,588
St. Monica School,I16,EUAL,Euonymus Alatus,45.4674675,-73.63424,18.6,19,589
St. Monica School,I16,ACNE,Acer Negundo,45.4675585,-73.634175,79.4,79,590
St. Monica School,I16,ACNE,Acer Negundo,45.4676107,-73.633984,103.6,104,591
St. Monica School,I16,ACNE,Acer Negundo,45.4677031,-73.633963,89.7,90,592
St. Monica School,I16,ULXXHO,Ulmus 'Homestead',45.4676601,-73.634245,21.9,22,593
St. Monica School,I16,ULXXHO,Ulmus 'Homestead',45.4677179,-73.634201,20,20,594
St. Monica School,I16,ACFR,Acer Freemannii,45.4678228,-73.633919,9.7,10,595
St. Monica School,I16,FRPE,Fraxinus Pennsylvanica,45.4678285,-73.633904,5.4,5,596
St. Monica School,I16,ACNE,Acer Negundo,45.4678407,-73.633895,9,9,597
St. Monica School,I16,ACSA,Acer Saccharinum,45.4679352,-73.633917,73.8,74,598
St. Monica School,I16,ACSA,Acer Saccharinum,45.4679035,-73.633806,34.7,35,599
St. Monica School,I16,ACSA,Acer Saccharinum,45.4678101,-73.633638,46.4,46,600
St. Monica School,I16,ACSA,Acer Saccharinum,45.467768,-73.633556,41.7,42,601
St. Monica School,I16,ACSA,Acer Saccharinum,45.4677424,-73.63344,45.3,45,602
St. Monica School,I16,ACSA,Acer Saccharinum,45.4677074,-73.633381,48.6,49,603
St. Monica School,I16,ULAM,Ulmus Americana,45.4676846,-73.633377,13.7,14,604
St. Monica School,I16,ACSA,Acer Saccharinum,45.4676601,-73.633325,61.5,62,605
St. Monica School,I16,ULAM,Ulmus Americana,45.4676488,-73.633335,14.8,15,606
St. Monica School,I16,ACNE,Acer Negundo,45.4674433,-73.633518,6.9,7,607
St. Monica School,I16,ACNE,Acer Negundo,45.4674602,-73.633496,21.6,22,608
St. Monica School,I16,ACNE,Acer Negundo,45.4674751,-73.633481,7.8,8,609
St. Monica School,I16,ACNE,Acer Negundo,45.4674875,-73.63347,4.7,5,610
St. Monica School,I16,FRAM,Fraxinus Americana,45.4675073,-73.633448,15.1,15,611
St. Monica School,I16,ULAM,Ulmus Americana,45.4675183,-73.63344,7.4,7,612
St. Monica School,I16,ULPU,Ulmus Pumila,45.4675381,-73.633426,18.1,18,613
St. Monica School,I16,ULPU,Ulmus Pumila,45.4675454,-73.633421,9.8,10,614
St. Monica School,I16,FRAM,Fraxinus Americana,45.4675573,-73.633396,14.5,15,615
St. Monica School,I16,ULPU,Ulmus Pumila,45.4675839,-73.633378,34.7,35,616
St. Monica School,I16,ULPU,Ulmus Pumila,45.467278,-73.633664,24.3,24,617
St. Monica School,I16,CEOC,Celtis Occidentalis,45.4672559,-73.633688,11.3,11,618