Species.Code,Site.Code,GS.Type,Abund,Avg.Max.Height..m.,Growth.rate,Shade.tolerance,Drought.tolerance,Tree.Shape,Flowering,Fruiting,Fall.Colour,Leaf.shape,Bark.texture
LALA,B10,Park,3,12,2,1,2,1,1,1,0,5,3
PNSY,B10,Park,8,13.5,1,2,5,0,1,1,1,5,3
CAAB,B11,Park,9,17.5,1,2,4,3,0,1,1,2,1
CEOC,B11,Park,1,15,2,3,4,0,1,0,0,2,2
THOC,B11,Park,34,15,0,4,3,1,1,1,1,5,3
PHAM,B13,Park,1,11.5,1,2,5,0,1,1,0,3,2
LITU,B14,Park,1,24,1,2,3,0,0,1,0,1,2
MABA,B14,Park,2,8.5,1,2,3,0,0,0,0,2,3
ACPL,B16,Park,1,13.5,2,3,3,0,1,1,0,1,2
ACSA,B18,Park,1,18,2,4,3,0,1,1,0,1,2
FRAM,B18,Park,1,19.5,2,2,3,0,1,1,0,3,2
PNST,B18,Park,1,19.5,2,3,3,1,1,0,1,5,2
QUBI,B18,Park,1,16.5,1,3,4,0,1,1,0,1,3
ACFR,B19,Park,1,15,2,2,3,1,1,1,0,1,2
PIAB,B19,Park,4,15,0,5,2,1,1,1,1,5,3
SOAU,B19,Park,1,9,1,3,3,3,0,0,0,3,1
ACPL,B2,Park,1,13.5,2,3,3,0,1,1,0,1,2
MABA,B2,Park,1,8.5,1,2,3,0,0,0,0,2,3
ULXXFR,B2,Park,1,12.2,1,4,4,4,1,1,0,2,2
ACSA,B20,Park,1,18,2,4,3,0,1,1,0,1,2
PIAB,B20,Park,3,15,0,5,2,1,1,1,1,5,3
MABA,B21,Park,1,8.5,1,2,3,0,0,0,0,2,3
PIGL,B21,Park,1,15,1,5,3,1,1,1,1,5,3
PIPU,B21,Park,1,13.5,0,3,3,1,1,1,1,5,3
ACSA,B23,Park,2,18,2,4,3,0,1,1,0,1,2
EUAL,B23,Park,1,5.3,0,4,4,3,1,1,0,2,1
ACSA,B24,Park,2,18,2,4,3,0,1,1,0,1,2
PNSY,B24,Park,2,13.5,1,2,5,0,1,1,1,5,3
ACPL,B25,Park,2,13.5,2,3,3,0,1,1,0,1,2
PIGL,B25,Park,2,15,1,5,3,1,1,1,1,5,3
TICO,B25,Park,1,19.5,1,5,3,1,0,1,0,2,2
ACSA,B27,Park,1,18,2,4,3,0,1,1,0,1,2
GYDI,B27,Park,1,20.5,1,3,4,0,1,1,0,3,3
PIPU,B28,Park,2,13.5,0,3,3,1,1,1,1,5,3
PNNI,B28,Park,1,16.8,1,2,4,1,1,1,1,5,3
ACSA,B29,Park,1,18,2,4,3,0,1,1,0,1,2
BENI,B29,Park,1,16.5,2,2,2,0,1,1,1,2,3
PNNI,B29,Park,1,16.8,1,2,4,1,1,1,1,5,3
ACNE,B3,Park,1,12,2,4,4,0,1,1,0,3,3
ACSC,B3,Park,1,20.5,1,5,3,0,1,1,0,1,2
CEOC,B3,Park,1,15,2,3,4,0,1,0,0,2,2
PIGL,B3,Park,2,15,1,5,3,1,1,1,1,5,3
PIPU,B3,Park,1,13.5,0,3,3,1,1,1,1,5,3
PNNI,B31,Park,1,16.8,1,2,4,1,1,1,1,5,3
PNSY,B31,Park,5,13.5,1,2,5,0,1,1,1,5,3
ACSA,B33,Park,2,18,2,4,3,0,1,1,0,1,2
CAGL,B34,Park,1,16.8,1,3,4,0,1,1,1,3,2
JUNI,B34,Park,1,19,1,2,3,0,1,0,1,3,2
PNSY,B34,Park,2,13.5,1,2,5,0,1,1,1,5,3
RHTY,B34,Park,8,6.5,2,2,4,3,1,0,0,3,1
ACSA,B35,Park,2,18,2,4,3,0,1,1,0,1,2
ACSA,B36,Park,2,18,2,4,3,0,1,1,0,1,2
PNSY,B36,Park,2,13.5,1,2,5,0,1,1,1,5,3
ULXXFR,B37,Park,1,12.2,1,4,4,4,1,1,0,2,2
PIGL,B38,Park,1,15,1,5,3,1,1,1,1,5,3
PNNI,B38,Park,9,16.8,1,2,4,1,1,1,1,5,3
TICO,B39,Park,1,19.5,1,5,3,1,0,1,0,2,2
PODE,B40,Park,1,26.5,2,1,2,0,1,1,0,2,2
TIAM,B40,Park,1,21,1,4,3,0,0,1,0,2,2
CAAB,B41,Park,1,17.5,1,2,4,3,0,1,1,2,1
PNNI,B42,Park,5,16.8,1,2,4,1,1,1,1,5,3
PNSY,B42,Park,4,13.5,1,2,5,0,1,1,1,5,3
QUMA,B42,Park,1,22.5,1,3,4,0,1,1,0,1,2
PNNI,B43,Park,1,16.8,1,2,4,1,1,1,1,5,3
JUNI,B45,Park,1,19,1,2,3,0,1,0,1,3,2
PIOM,B45,Park,1,16.5,0,5,3,1,1,1,1,5,3
PRVISC,B45,Park,1,7.6,2,3,3,0,0,0,0,2,1
TIMOHG,B45,Park,1,9.1,0,4,2,0,0,1,0,2,2
ACFR,B46,Park,1,15,2,2,3,1,1,1,0,1,2
QUMA,B46,Park,1,22.5,1,3,4,0,1,1,0,1,2
FRAM,B47,Park,1,19.5,2,2,3,0,1,1,0,3,2
QUMA,B49,Park,1,22.5,1,3,4,0,1,1,0,1,2
JUCI,B5,Park,1,15,1,2,3,0,1,0,0,3,2
PNNI,B5,Park,1,16.8,1,2,4,1,1,1,1,5,3
PNSY,B5,Park,1,13.5,1,2,5,0,1,1,1,5,3
TICO,B5,Park,1,19.5,1,5,3,1,0,1,0,2,2
LADE,B50,Park,1,22,1,2,3,1,1,1,0,5,3
ACSA,B51,Park,3,18,2,4,3,0,1,1,0,1,2
LADE,B51,Park,1,22,1,2,3,1,1,1,0,5,3
JUCI,B53,Park,2,15,1,2,3,0,1,0,0,3,2
JUNI,B53,Park,2,19,1,2,3,0,1,0,1,3,2
PNNI,B53,Park,1,16.8,1,2,4,1,1,1,1,5,3
GYDI,B54,Park,3,20.5,1,3,4,0,1,1,0,3,3
MABA,B54,Park,3,8.5,1,2,3,0,0,0,0,2,3
CAAB,B55,Park,17,17.5,1,2,4,3,0,1,1,2,1
ULPU,B56,Park,1,18,2,3,4,0,1,1,0,2,2
TIAM,B57,Park,2,21,1,4,3,0,0,1,0,2,2
PODE,B58,Park,1,26.5,2,1,2,0,1,1,0,2,2
THOC,B60,Park,1,15,0,4,3,1,1,1,1,5,3
ACPL,B61,Park,1,13.5,2,3,3,0,1,1,0,1,2
PNNI,B61,Park,4,16.8,1,2,4,1,1,1,1,5,3
ULPU,B61,Park,1,18,2,3,4,0,1,1,0,2,2
GLTR,B62,Park,1,15,2,2,5,0,1,0,0,3,3
PNNI,B63,Park,1,16.8,1,2,4,1,1,1,1,5,3
PIGL,B64,Park,1,15,1,5,3,1,1,1,1,5,3
PNST,B64,Park,1,19.5,2,3,3,1,1,0,1,5,2
QUMA,B64,Park,1,22.5,1,3,4,0,1,1,0,1,2
TIAM,B67,Park,1,21,1,4,3,0,0,1,0,2,2
GLTR,B69,Park,2,15,2,2,5,0,1,0,0,3,3
PIAB,B69,Park,1,15,0,5,2,1,1,1,1,5,3
LADE,B7,Park,2,22,1,2,3,1,1,1,0,5,3
PNNI,B7,Park,11,16.8,1,2,4,1,1,1,1,5,3
ACSA,B70,Park,2,18,2,4,3,0,1,1,0,1,2
MABA,B70,Park,3,8.5,1,2,3,0,0,0,0,2,3
VILE,B70,Park,4,5,1,4,2,3,0,1,0,2,1
MABA,B71,Park,3,8.5,1,2,3,0,0,0,0,2,3
THOC,B71,Park,10,15,0,4,3,1,1,1,1,5,3
ACSA,B72,Park,2,18,2,4,3,0,1,1,0,1,2
PIAB,B72,Park,1,15,0,5,2,1,1,1,1,5,3
PIPU,B72,Park,4,13.5,0,3,3,1,1,1,1,5,3
ACSA,B73,Park,1,18,2,4,3,0,1,1,0,1,2
ACSC,B78,Park,1,20.5,1,5,3,0,1,1,0,1,2
PNNI,B78,Park,4,16.8,1,2,4,1,1,1,1,5,3
ACSC,B79,Park,1,20.5,1,5,3,0,1,1,0,1,2
PNNI,B79,Park,4,16.8,1,2,4,1,1,1,1,5,3
ACPL,B8,Park,1,13.5,2,3,3,0,1,1,0,1,2
PNNI,B80,Park,1,16.8,1,2,4,1,1,1,1,5,3
THOC,B80,Park,4,15,0,4,3,1,1,1,1,5,3
ROPS,B81,Park,1,12,2,1,5,0,0,1,0,3,2
PIAB,B82,Park,5,15,0,5,2,1,1,1,1,5,3
PNNI,B82,Park,2,16.8,1,2,4,1,1,1,1,5,3
THOC,B82,Park,10,15,0,4,3,1,1,1,1,5,3
ACNE,B83,Park,2,12,2,4,4,0,1,1,0,3,3
VILE,B83,Park,3,5,1,4,2,3,0,1,0,2,1
CTSP,B87,Park,1,15,2,2,5,0,0,0,0,2,3
PIAB,B87,Park,1,15,0,5,2,1,1,1,1,5,3
PIGL,B87,Park,1,15,1,5,3,1,1,1,1,5,3
PIPU,B87,Park,1,13.5,0,3,3,1,1,1,1,5,3
PNNI,B87,Park,3,16.8,1,2,4,1,1,1,1,5,3
GYDI,B90,Park,1,20.5,1,3,4,0,1,1,0,3,3
PNNI,B90,Park,1,16.8,1,2,4,1,1,1,1,5,3
PNSY,B90,Park,1,13.5,1,2,5,0,1,1,1,5,3
THOC,B90,Park,2,15,0,4,3,1,1,1,1,5,3
ACSA,B91,Park,1,18,2,4,3,0,1,1,0,1,2
CTSP,C1,Park,1,15,2,2,5,0,0,0,0,2,3
ACSA,C10,Park,1,18,2,4,3,0,1,1,0,1,2
TIAM,C10,Park,3,21,1,4,3,0,0,1,0,2,2
TICO,C10,Park,1,19.5,1,5,3,1,0,1,0,2,2
ACSA,C11,Park,1,18,2,4,3,0,1,1,0,1,2
MASY,C11,Park,3,10,2,2,3,0,0,0,0,2,3
TICO,C11,Park,1,19.5,1,5,3,1,0,1,0,2,2
ACSA,C12,Park,5,18,2,4,3,0,1,1,0,1,2
SYRE,C12,Park,3,7.5,1,2,3,0,0,1,1,2,1
SYRE,C13,Park,3,7.5,1,2,3,0,0,1,1,2,1
TICO,C13,Park,1,19.5,1,5,3,1,0,1,0,2,2
ACSA,C14,Park,5,18,2,4,3,0,1,1,0,1,2
CTSP,C15,Park,1,15,2,2,5,0,0,0,0,2,3
ACNE,C16,Park,2,12,2,4,4,0,1,1,0,3,3
ACTA,C16,Park,3,5.5,1,4,4,0,1,1,0,2,2
SYRE,C16,Park,4,7.5,1,2,3,0,0,1,1,2,1
TICO,C16,Park,2,19.5,1,5,3,1,0,1,0,2,2
ACNE,C17,Park,2,12,2,4,4,0,1,1,0,3,3
ACTA,C17,Park,1,5.5,1,4,4,0,1,1,0,2,2
FRPE,C17,Park,2,16.5,2,3,4,0,1,1,0,3,2
TIAM,C17,Park,4,21,1,4,3,0,0,1,0,2,2
TICO,C17,Park,1,19.5,1,5,3,1,0,1,0,2,2
ACNE,C18,Park,1,12,2,4,4,0,1,1,0,3,3
SYRE,C18,Park,5,7.5,1,2,3,0,0,1,1,2,1
ACGI,C2,Park,3,4.5,1,3,3,0,1,1,0,1,3
TICO,C2,Park,1,19.5,1,5,3,1,0,1,0,2,2
ACSC,C20,Park,1,20.5,1,5,3,0,1,1,0,1,2
FRPE,C20,Park,2,16.5,2,3,4,0,1,1,0,3,2
JUNI,C20,Park,2,19,1,2,3,0,1,0,1,3,2
ACPL,C21,Park,1,13.5,2,3,3,0,1,1,0,1,2
CTSP,C21,Park,1,15,2,2,5,0,0,0,0,2,3
PHPU,C22,Park,1,2.1,2,3,3,3,0,1,1,2,3
RHCA,C22,Park,1,6.5,1,2,4,3,1,1,0,2,1
ACNE,C23,Park,2,12,2,4,4,0,1,1,0,3,3
PHPU,C23,Park,2,2.1,2,3,3,3,0,1,1,2,3
PRSE,C23,Park,1,16.5,2,2,3,0,0,0,0,2,3
RHCA,C23,Park,1,6.5,1,2,4,3,1,1,0,2,1
THOC,C23,Park,1,15,0,4,3,1,1,1,1,5,3
TIAM,C23,Park,8,21,1,4,3,0,0,1,0,2,2
TICO,C23,Park,1,19.5,1,5,3,1,0,1,0,2,2
FRPE,C3,Park,2,16.5,2,3,4,0,1,1,0,3,2
QUMA,C3,Park,1,22.5,1,3,4,0,1,1,0,1,2
ACSC,C4,Park,1,20.5,1,5,3,0,1,1,0,1,2
ACNE,C5,Park,1,12,2,4,4,0,1,1,0,3,3
TIAM,C5,Park,1,21,1,4,3,0,0,1,0,2,2
ACGI,C6,Park,2,4.5,1,3,3,0,1,1,0,1,3
ACSA,C6,Park,2,18,2,4,3,0,1,1,0,1,2
ACSA,C7,Park,1,18,2,4,3,0,1,1,0,1,2
FRAM,C7,Park,1,19.5,2,2,3,0,1,1,0,3,2
ULMI,C7,Park,1,24.3,2,3,3,0,1,1,0,2,2
JUNI,C8,Park,1,19,1,2,3,0,1,0,1,3,2
PRVI,C8,Park,1,8.5,1,3,3,0,0,0,0,2,1
TIAM,C8,Park,2,21,1,4,3,0,0,1,0,2,2
ACNE,C9,Park,3,12,2,4,4,0,1,1,0,3,3
ACSA,C9,Park,2,18,2,4,3,0,1,1,0,1,2
ACTA,C9,Park,4,5.5,1,4,4,0,1,1,0,2,2
ACPL,CC2,Inst,1,13.5,2,3,3,0,1,1,0,1,2
ACSA,CC2,Inst,1,18,2,4,3,0,1,1,0,1,2
SYVU,CC2,Inst,2,3.5,1,3,3,3,0,1,0,2,1
ACPL,CC3,Inst,2,13.5,2,3,3,0,1,1,0,1,2
ACPL,CC4,Inst,1,13.5,2,3,3,0,1,1,0,1,2
GLTR,CC4,Inst,1,15,2,2,5,0,1,0,0,3,3
PRDO,CC5,Inst,1,9,1,2,3,0,0,0,0,2,1
PYCO,CC5,Inst,1,8.3,2,3,3,0,0,0,0,2,2
THOC,CC5,Inst,6,15,0,4,3,1,1,1,1,5,3
ACPL,CC6,Inst,1,13.5,2,3,3,0,1,1,0,1,2
GYDI,CC6,Inst,2,20.5,1,3,4,0,1,1,0,3,3
PRCE,CC6,Inst,1,6.9,2,3,3,0,0,0,0,2,1
SYVU,CC6,Inst,1,3.5,1,3,3,3,0,1,0,2,1
ACPL,CC7,Inst,1,13.5,2,3,3,0,1,1,0,1,2
GYDI,CC7,Inst,1,20.5,1,3,4,0,1,1,0,3,3
ACSA,CC8,Inst,1,18,2,4,3,0,1,1,0,1,2
PIRU,CC8,Inst,1,19.5,0,5,3,1,1,1,1,5,3
THOC,CC8,Inst,4,15,0,4,3,1,1,1,1,5,3
ACNE,CO1,Park,3,12,2,4,4,0,1,1,0,3,3
ACPL,CO1,Park,1,13.5,2,3,3,0,1,1,0,1,2
CEOC,CO1,Park,3,15,2,3,4,0,1,0,0,2,2
GLTR,CO1,Park,3,15,2,2,5,0,1,0,0,3,3
JUCI,CO1,Park,1,15,1,2,3,0,1,0,0,3,2
MASY,CO1,Park,1,10,2,2,3,0,0,0,0,2,3
SAALTR,CO1,Park,1,18,2,2,2,0,0,1,0,2,2
THOC,CO1,Park,30,15,0,4,3,1,1,1,1,5,3
ACPL,CO2,Park,1,13.5,2,3,3,0,1,1,0,1,2
CEOC,CO2,Park,3,15,2,3,4,0,1,0,0,2,2
FRPE,CO2,Park,1,16.5,2,3,4,0,1,1,0,3,2
MABA,CO2,Park,2,8.5,1,2,3,0,0,0,0,2,3
PIAB,CO2,Park,2,15,0,5,2,1,1,1,1,5,3
THOC,CO2,Park,5,15,0,4,3,1,1,1,1,5,3
TITO,CP1,Inst,1,18,2,4,3,0,0,1,0,2,2
ACSA,CP2,Inst,1,18,2,4,3,0,1,1,0,1,2
JUNI,CP2,Inst,1,19,1,2,3,0,1,0,1,3,2
JUVI,CP2,Inst,1,13.7,1,1,5,1,1,1,1,5,3
ALGL,CSC1,Inst,1,15,1,3,3,1,1,1,1,2,2
THOC,CSC1,Inst,5,15,0,4,3,1,1,1,1,5,3
TICO,CSC1,Inst,2,19.5,1,5,3,1,0,1,0,2,2
MCAM,CSC2,Inst,1,7.5,0,2,5,0,0,1,1,3,3
ALGL,CSC3,Inst,1,15,1,3,3,1,1,1,1,2,2
AMAR,CSC3,Inst,1,6.5,0,5,3,0,0,0,0,2,2
GIBI,CSC3,Inst,1,19.5,0,2,4,0,1,0,0,1,2
PNRE,CSC3,Inst,2,19.5,1,2,3,0,1,1,1,5,3
GLTR,CSC4,Inst,3,15,2,2,5,0,1,0,0,3,3
QUBI,CSC5,Inst,1,16.5,1,3,4,0,1,1,0,1,3
ULPU,CSC5,Inst,1,18,2,3,4,0,1,1,0,2,2
AMGR,CSC7,Inst,1,6.5,0,3,3,4,0,0,0,2,1
MABA,CSC8,Inst,1,8.5,1,2,3,0,0,0,0,2,3
MCAM,CSC8,Inst,1,7.5,0,2,5,0,0,1,1,3,3
ACRU,CSC9,Inst,1,15,2,4,2,0,0,1,0,1,3
ACSC,CSC9,Inst,1,20.5,1,5,3,0,1,1,0,1,2
CEOC,CSC9,Inst,1,15,2,3,4,0,1,0,0,2,2
ACNE,G5,Inst,1,12,2,4,4,0,1,1,0,3,3
FRPE,G5,Inst,1,16.5,2,3,4,0,1,1,0,3,2
TICO,G5,Inst,1,19.5,1,5,3,1,0,1,0,2,2
MABA,H1,Park,1,8.5,1,2,3,0,0,0,0,2,3
PIPU,H1,Park,3,13.5,0,3,3,1,1,1,1,5,3
QUMA,H1,Park,1,22.5,1,3,4,0,1,1,0,1,2
TACA,H1,Park,3,1.4,0,4,3,3,1,1,1,5,3
FRPE,H2,Park,1,16.5,2,3,4,0,1,1,0,3,2
MABA,H2,Park,2,8.5,1,2,3,0,0,0,0,2,3
PYCO,H2,Park,1,8.3,2,3,3,0,0,0,0,2,2
TIERWR,H2,Park,1,30.5,1,3,4,0,0,1,0,2,2
CEOC,H3,Park,1,15,2,3,4,0,1,0,0,2,2
COCO,H3,Park,2,13.5,0,2,4,0,1,0,0,2,3
FRPE,H3,Park,1,16.5,2,3,4,0,1,1,0,3,2
TACA,H3,Park,2,1.4,0,4,3,3,1,1,1,5,3
ULPU,H3,Park,4,18,2,3,4,0,1,1,0,2,2
GIBI,H4,Park,1,19.5,0,2,4,0,1,0,0,1,2
MABA,H4,Park,3,8.5,1,2,3,0,0,0,0,2,3
PIPU,H4,Park,1,13.5,0,3,3,1,1,1,1,5,3
PYCO,H4,Park,1,8.3,2,3,3,0,0,0,0,2,2
RHTY,H4,Park,1,6.5,2,2,4,3,1,0,0,3,1
FRPE,H5,Park,1,16.5,2,3,4,0,1,1,0,3,2
QURU,H5,Park,1,20.5,2,3,3,0,1,1,0,1,2
THOC,H5,Park,3,15,0,4,3,1,1,1,1,5,3
FRPE,H6,Park,1,16.5,2,3,4,0,1,1,0,3,2
MABA,H6,Park,1,8.5,1,2,3,0,0,0,0,2,3
PIPU,H6,Park,1,13.5,0,3,3,1,1,1,1,5,3
PNNI,H6,Park,1,16.8,1,2,4,1,1,1,1,5,3
PRVI,H6,Park,1,8.5,1,3,3,0,0,0,0,2,1
QUPA,H6,Park,1,19.5,1,2,3,1,1,1,0,1,2
TICO,H6,Park,2,19.5,1,5,3,1,0,1,0,2,2
CEOC,H7,Park,1,15,2,3,4,0,1,0,0,2,2
QUPA,H7,Park,2,19.5,1,2,3,1,1,1,0,1,2
ACNE,IG1,Inst,2,12,2,4,4,0,1,1,0,3,3
ACPL,IG1,Inst,3,13.5,2,3,3,0,1,1,0,1,2
ACSA,IG1,Inst,1,18,2,4,3,0,1,1,0,1,2
ROWO,IG1,Inst,1,2,2,3,4,3,0,1,1,2,1
ULAM,IG1,Inst,1,21,2,3,4,0,1,1,0,2,3
ACSA,IG2,Inst,1,18,2,4,3,0,1,1,0,1,2
ALGL,IG2,Inst,1,15,1,3,3,1,1,1,1,2,2
TIAM,IG2,Inst,2,21,1,4,3,0,0,1,0,2,2
ULXXFR,IG2,Inst,1,12.2,1,4,4,4,1,1,0,2,2
CAAB,IG3,Inst,1,17.5,1,2,4,3,0,1,1,2,1
PIPU,IG3,Inst,1,13.5,0,3,3,1,1,1,1,5,3
ULAM,IG4,Inst,5,21,2,3,4,0,1,1,0,2,3
ACPL,IG5,Inst,1,13.5,2,3,3,0,1,1,0,1,2
ACSA,IG5,Inst,1,18,2,4,3,0,1,1,0,1,2
AMCA,IG5,Inst,1,4,1,3,3,4,0,0,0,2,1
PIPU,IG5,Inst,2,13.5,0,3,3,1,1,1,1,5,3
THOC,IG5,Inst,1,15,0,4,3,1,1,1,1,5,3
ACPL,IG7,Inst,2,13.5,2,3,3,0,1,1,0,1,2
SOAU,IG7,Inst,1,9,1,3,3,3,0,0,0,3,1
ACPL,J1,Inst,2,13.5,2,3,3,0,1,1,0,1,2
ACPL,J10,Inst,1,13.5,2,3,3,0,1,1,0,1,2
ACPL,J11,Inst,3,13.5,2,3,3,0,1,1,0,1,2
CEOC,J11,Inst,1,15,2,3,4,0,1,0,0,2,2
CEOC,J12,Inst,1,15,2,3,4,0,1,0,0,2,2
GLTR,J14,Inst,1,15,2,2,5,0,1,0,0,3,3
ACPL,J17,Inst,1,13.5,2,3,3,0,1,1,0,1,2
ACSA,J17,Inst,1,18,2,4,3,0,1,1,0,1,2
FRPE,J17,Inst,1,16.5,2,3,4,0,1,1,0,3,2
GLTR,J17,Inst,1,15,2,2,5,0,1,0,0,3,3
ULAM,J17,Inst,1,21,2,3,4,0,1,1,0,2,3
ACGI,J19,Inst,1,4.5,1,3,3,0,1,1,0,1,3
ACRU,J19,Inst,1,15,2,4,2,0,0,1,0,1,3
GIBI,J19,Inst,1,19.5,0,2,4,0,1,0,0,1,2
GLTR,J19,Inst,1,15,2,2,5,0,1,0,0,3,3
ACPL,J2,Inst,1,13.5,2,3,3,0,1,1,0,1,2
PIPU,J2,Inst,2,13.5,0,3,3,1,1,1,1,5,3
SYVU,J2,Inst,1,3.5,1,3,3,3,0,1,0,2,1
ACPL,J20,Inst,1,13.5,2,3,3,0,1,1,0,1,2
CEOC,J20,Inst,3,15,2,3,4,0,1,0,0,2,2
GLTR,J20,Inst,1,15,2,2,5,0,1,0,0,3,3
ULPU,J20,Inst,1,18,2,3,4,0,1,1,0,2,2
ACGI,J3,Inst,2,4.5,1,3,3,0,1,1,0,1,3
ACPL,J3,Inst,1,13.5,2,3,3,0,1,1,0,1,2
CEOC,J3,Inst,2,15,2,3,4,0,1,0,0,2,2
CEOC,J6,Inst,2,15,2,3,4,0,1,0,0,2,2
ACNE,J7,Inst,1,12,2,4,4,0,1,1,0,3,3
ACPL,J7,Inst,1,13.5,2,3,3,0,1,1,0,1,2
ACSA,J7,Inst,1,18,2,4,3,0,1,1,0,1,2
ACNE,KP1,Inst,1,12,2,4,4,0,1,1,0,3,3
ACPL,KP1,Inst,1,13.5,2,3,3,0,1,1,0,1,2
THOC,KP10,Inst,27,15,0,4,3,1,1,1,1,5,3
ACSA,KP2,Inst,5,18,2,4,3,0,1,1,0,1,2
ACNE,KP4,Inst,2,12,2,4,4,0,1,1,0,3,3
GLTR,KP5,Inst,4,15,2,2,5,0,1,0,0,3,3
ACNE,KP6,Inst,3,12,2,4,4,0,1,1,0,3,3
CEOC,KP6,Inst,1,15,2,3,4,0,1,0,0,2,2
ACPL,KP7,Inst,1,13.5,2,3,3,0,1,1,0,1,2
MGXXSO,KP7,Inst,1,7.6,1,3,2,3,0,1,1,2,1
PRSE,KP7,Inst,1,16.5,2,2,3,0,0,0,0,2,3
SYVU,KP7,Inst,1,3.5,1,3,3,3,0,1,0,2,1
THOC,KP7,Inst,36,15,0,4,3,1,1,1,1,5,3
ACSA,KP8,Inst,2,18,2,4,3,0,1,1,0,1,2
THOC,KP8,Inst,7,15,0,4,3,1,1,1,1,5,3
ACNE,KP9,Inst,7,12,2,4,4,0,1,1,0,3,3
ACPL,KP9,Inst,1,13.5,2,3,3,0,1,1,0,1,2
PONI,KP9,Inst,2,24.4,2,2,2,2,1,1,0,2,2
PRVI,KP9,Inst,1,8.5,1,3,3,0,0,0,0,2,1
THOC,KS1,Inst,4,15,0,4,3,1,1,1,1,5,3
MABA,KS2,Inst,1,8.5,1,2,3,0,0,0,0,2,3
RHTY,KS2,Inst,1,6.5,2,2,4,3,1,0,0,3,1
SYRE,KS2,Inst,1,7.5,1,2,3,0,0,1,1,2,1
THOC,KS2,Inst,2,15,0,4,3,1,1,1,1,5,3
JUCO,LH10,Inst,1,2.3,0,2,4,3,1,0,1,5,3
JUVI,LH10,Inst,3,13.7,1,1,5,1,1,1,1,5,3
ACPL,LH12,Inst,1,13.5,2,3,3,0,1,1,0,1,2
ACSA,LH12,Inst,1,18,2,4,3,0,1,1,0,1,2
MABA,LH2,Inst,1,8.5,1,2,3,0,0,0,0,2,3
SYVU,LH2,Inst,6,3.5,1,3,3,3,0,1,0,2,1
ACPL,LH3,Inst,4,13.5,2,3,3,0,1,1,0,1,2
JUCO,LH3,Inst,1,2.3,0,2,4,3,1,0,1,5,3
JUVI,LH3,Inst,2,13.7,1,1,5,1,1,1,1,5,3
ACSA,LH4,Inst,1,18,2,4,3,0,1,1,0,1,2
TIAM,LH4,Inst,1,21,1,4,3,0,0,1,0,2,2
JUVI,LH7,Inst,1,13.7,1,1,5,1,1,1,1,5,3
TICO,LH7,Inst,1,19.5,1,5,3,1,0,1,0,2,2
ACPL,LH8,Inst,1,13.5,2,3,3,0,1,1,0,1,2
JUVI,LH8,Inst,1,13.7,1,1,5,1,1,1,1,5,3
QUMA,LH8,Inst,2,22.5,1,3,4,0,1,1,0,1,2
TICO,LH8,Inst,1,19.5,1,5,3,1,0,1,0,2,2
FRPE,LO1,Park,3,16.5,2,3,4,0,1,1,0,3,2
ACPL,LO10,Park,1,13.5,2,3,3,0,1,1,0,1,2
GLTR,LO10,Park,1,15,2,2,5,0,1,0,0,3,3
PRNI,LO10,Park,1,7.6,1,2,2,0,0,0,0,2,1
TICO,LO10,Park,1,19.5,1,5,3,1,0,1,0,2,2
ACSC,LO100,Park,3,20.5,1,5,3,0,1,1,0,1,2
ACPL,LO102,Park,2,13.5,2,3,3,0,1,1,0,1,2
CEJA,LO102,Park,3,15,2,2,2,0,1,1,0,3,3
THOC,LO102,Park,1,15,0,4,3,1,1,1,1,5,3
TICO,LO102,Park,1,19.5,1,5,3,1,0,1,0,2,2
ULAM,LO102,Park,2,21,2,3,4,0,1,1,0,2,3
VILE,LO102,Park,9,5,1,4,2,3,0,1,0,2,1
ACFR,LO103,Park,2,15,2,2,3,1,1,1,0,1,2
PYCO,LO104,Park,1,8.3,2,3,3,0,0,0,0,2,2
ACFR,LO105,Park,1,15,2,2,3,1,1,1,0,1,2
ACSC,LO108,Park,1,20.5,1,5,3,0,1,1,0,1,2
QUMA,LO108,Park,1,22.5,1,3,4,0,1,1,0,1,2
JUNI,LO109,Park,3,19,1,2,3,0,1,0,1,3,2
GYDI,LO11,Park,2,20.5,1,3,4,0,1,1,0,3,3
LALA,LO11,Park,2,12,2,1,2,1,1,1,0,5,3
ULXXFR,LO111,Park,1,12.2,1,4,4,4,1,1,0,2,2
GLTR,LO112,Park,1,15,2,2,5,0,1,0,0,3,3
MABA,LO112,Park,1,8.5,1,2,3,0,0,0,0,2,3
PRVISC,LO112,Park,1,7.6,2,3,3,0,0,0,0,2,1
LALA,LO115,Park,1,12,2,1,2,1,1,1,0,5,3
PIRU,LO115,Park,1,19.5,0,5,3,1,1,1,1,5,3
GYDI,LO116,Park,1,20.5,1,3,4,0,1,1,0,3,3
LALA,LO116,Park,1,12,2,1,2,1,1,1,0,5,3
PRVISC,LO116,Park,1,7.6,2,3,3,0,0,0,0,2,1
BEVU,LO119,Park,5,2.4,1,2,4,3,0,1,0,2,1
CEOC,LO119,Park,1,15,2,3,4,0,1,0,0,2,2
FRPE,LO119,Park,1,16.5,2,3,4,0,1,1,0,3,2
TICO,LO119,Park,1,19.5,1,5,3,1,0,1,0,2,2
FRPE,LO12,Park,1,16.5,2,3,4,0,1,1,0,3,2
GYDI,LO12,Park,1,20.5,1,3,4,0,1,1,0,3,3
LALA,LO12,Park,1,12,2,1,2,1,1,1,0,5,3
ACSA,LO123,Park,1,18,2,4,3,0,1,1,0,1,2
GIBI,LO123,Park,2,19.5,0,2,4,0,1,0,0,1,2
ACPL,LO125,Park,2,13.5,2,3,3,0,1,1,0,1,2
PIAB,LO126,Park,1,15,0,5,2,1,1,1,1,5,3
ACFR,LO128,Park,1,15,2,2,3,1,1,1,0,1,2
TICO,LO128,Park,1,19.5,1,5,3,1,0,1,0,2,2
CEOC,LO13,Park,2,15,2,3,4,0,1,0,0,2,2
PRVISC,LO13,Park,2,7.6,2,3,3,0,0,0,0,2,1
ACFR,LO130,Park,1,15,2,2,3,1,1,1,0,1,2
ACPL,LO130,Park,1,13.5,2,3,3,0,1,1,0,1,2
FRPE,LO131,Park,1,16.5,2,3,4,0,1,1,0,3,2
PIAB,LO131,Park,1,15,0,5,2,1,1,1,1,5,3
ACPL,LO132,Park,1,13.5,2,3,3,0,1,1,0,1,2
ACSC,LO132,Park,2,20.5,1,5,3,0,1,1,0,1,2
LOXY,LO132,Park,1,3.4,2,3,3,3,0,1,1,2,1
ULAM,LO133,Park,1,21,2,3,4,0,1,1,0,2,3
VILE,LO133,Park,4,5,1,4,2,3,0,1,0,2,1
ACSC,LO134,Park,1,20.5,1,5,3,0,1,1,0,1,2
ACSA,LO135,Park,2,18,2,4,3,0,1,1,0,1,2
FRPE,LO139,Park,1,16.5,2,3,4,0,1,1,0,3,2
PIAB,LO14,Park,1,15,0,5,2,1,1,1,1,5,3
PNSY,LO14,Park,2,13.5,1,2,5,0,1,1,1,5,3
ACPL,LO140,Park,1,13.5,2,3,3,0,1,1,0,1,2
ACFR,LO142,Park,1,15,2,2,3,1,1,1,0,1,2
CTSP,LO142,Park,1,15,2,2,5,0,0,0,0,2,3
GLTR,LO143,Park,1,15,2,2,5,0,1,0,0,3,3
JUNI,LO146,Park,1,19,1,2,3,0,1,0,1,3,2
FRPE,LO149,Park,2,16.5,2,3,4,0,1,1,0,3,2
ACSC,LO15,Park,1,20.5,1,5,3,0,1,1,0,1,2
ULXXFR,LO15,Park,1,12.2,1,4,4,4,1,1,0,2,2
ACSA,LO152,Park,1,18,2,4,3,0,1,1,0,1,2
COCO,LO152,Park,3,13.5,0,2,4,0,1,0,0,2,3
PNNI,LO152,Park,2,16.8,1,2,4,1,1,1,1,5,3
THOC,LO153,Park,1,15,0,4,3,1,1,1,1,5,3
TICO,LO153,Park,1,19.5,1,5,3,1,0,1,0,2,2
ULXXFR,LO153,Park,2,12.2,1,4,4,4,1,1,0,2,2
ACPL,LO154,Park,4,13.5,2,3,3,0,1,1,0,1,2
ACFR,LO155,Park,1,15,2,2,3,1,1,1,0,1,2
FRAM,LO155,Park,1,19.5,2,2,3,0,1,1,0,3,2
TIAM,LO155,Park,1,21,1,4,3,0,0,1,0,2,2
MABA,LO156,Park,4,8.5,1,2,3,0,0,0,0,2,3
THOC,LO156,Park,2,15,0,4,3,1,1,1,1,5,3
TICO,LO156,Park,2,19.5,1,5,3,1,0,1,0,2,2
ULAM,LO156,Park,1,21,2,3,4,0,1,1,0,2,3
ACPL,LO158,Park,2,13.5,2,3,3,0,1,1,0,1,2
ACFR,LO161,Park,1,15,2,2,3,1,1,1,0,1,2
GLTR,LO161,Park,1,15,2,2,5,0,1,0,0,3,3
FRPE,LO162,Park,2,16.5,2,3,4,0,1,1,0,3,2
MABA,LO162,Park,1,8.5,1,2,3,0,0,0,0,2,3
PIAB,LO162,Park,2,15,0,5,2,1,1,1,1,5,3
COCO,LO163,Park,1,13.5,0,2,4,0,1,0,0,2,3
GYDI,LO163,Park,3,20.5,1,3,4,0,1,1,0,3,3
QURU,LO167,Park,1,20.5,2,3,3,0,1,1,0,1,2
ACSC,LO17,Park,1,20.5,1,5,3,0,1,1,0,1,2
ACPL,LO171,Park,1,13.5,2,3,3,0,1,1,0,1,2
FRAM,LO171,Park,2,19.5,2,2,3,0,1,1,0,3,2
TICO,LO171,Park,1,19.5,1,5,3,1,0,1,0,2,2
FRPE,LO18,Park,1,16.5,2,3,4,0,1,1,0,3,2
LALA,LO19,Park,1,12,2,1,2,1,1,1,0,5,3
MABA,LO19,Park,1,8.5,1,2,3,0,0,0,0,2,3
ULMI,LO19,Park,2,24.3,2,3,3,0,1,1,0,2,2
ACTA,LO2,Park,2,5.5,1,4,4,0,1,1,0,2,2
PIAB,LO2,Park,2,15,0,5,2,1,1,1,1,5,3
TIAM,LO2,Park,1,21,1,4,3,0,0,1,0,2,2
ACPL,LO22,Park,4,13.5,2,3,3,0,1,1,0,1,2
ACPL,LO24,Park,1,13.5,2,3,3,0,1,1,0,1,2
GLTR,LO24,Park,1,15,2,2,5,0,1,0,0,3,3
THOC,LO24,Park,1,15,0,4,3,1,1,1,1,5,3
CGPU,LO25,Park,1,7.6,1,4,4,0,0,1,0,2,2
GLTR,LO25,Park,3,15,2,2,5,0,1,0,0,3,3
BENI,LO26,Park,1,16.5,2,2,2,0,1,1,1,2,3
FRPE,LO26,Park,1,16.5,2,3,4,0,1,1,0,3,2
PIAB,LO26,Park,1,15,0,5,2,1,1,1,1,5,3
GLTR,LO28,Park,1,15,2,2,5,0,1,0,0,3,3
CEOC,LO29,Park,1,15,2,3,4,0,1,0,0,2,2
QUBI,LO29,Park,1,16.5,1,3,4,0,1,1,0,1,3
FRAM,LO3,Park,2,19.5,2,2,3,0,1,1,0,3,2
FRPE,LO3,Park,1,16.5,2,3,4,0,1,1,0,3,2
ULMI,LO3,Park,2,24.3,2,3,3,0,1,1,0,2,2
ACPL,LO30,Park,2,13.5,2,3,3,0,1,1,0,1,2
ULAM,LO30,Park,1,21,2,3,4,0,1,1,0,2,3
CEOC,LO32,Park,1,15,2,3,4,0,1,0,0,2,2
PRPA,LO32,Park,1,10.7,2,3,2,0,0,0,0,2,1
ULMI,LO33,Park,2,24.3,2,3,3,0,1,1,0,2,2
GIBI,LO34,Park,1,19.5,0,2,4,0,1,0,0,1,2
GLTR,LO34,Park,2,15,2,2,5,0,1,0,0,3,3
PNSY,LO35,Park,1,13.5,1,2,5,0,1,1,1,5,3
GLTR,LO36,Park,1,15,2,2,5,0,1,0,0,3,3
QURU,LO36,Park,1,20.5,2,3,3,0,1,1,0,1,2
TICO,LO36,Park,2,19.5,1,5,3,1,0,1,0,2,2
FRPE,LO37,Park,3,16.5,2,3,4,0,1,1,0,3,2
ACFR,LO38,Park,1,15,2,2,3,1,1,1,0,1,2
QURU,LO38,Park,1,20.5,2,3,3,0,1,1,0,1,2
QUBI,LO39,Park,1,16.5,1,3,4,0,1,1,0,1,3
ACSA,LO4,Park,1,18,2,4,3,0,1,1,0,1,2
JUNI,LO4,Park,1,19,1,2,3,0,1,0,1,3,2
MABA,LO4,Park,1,8.5,1,2,3,0,0,0,0,2,3
ACPL,LO43,Park,4,13.5,2,3,3,0,1,1,0,1,2
PIPU,LO44,Park,3,13.5,0,3,3,1,1,1,1,5,3
ACPL,LO45,Park,1,13.5,2,3,3,0,1,1,0,1,2
COCO,LO45,Park,1,13.5,0,2,4,0,1,0,0,2,3
PRVISC,LO45,Park,1,7.6,2,3,3,0,0,0,0,2,1
CEOC,LO48,Park,2,15,2,3,4,0,1,0,0,2,2
ACPL,LO49,Park,1,13.5,2,3,3,0,1,1,0,1,2
PNNI,LO49,Park,1,16.8,1,2,4,1,1,1,1,5,3
ACSA,LO5,Park,1,18,2,4,3,0,1,1,0,1,2
ACPL,LO50,Park,2,13.5,2,3,3,0,1,1,0,1,2
ACPL,LO54,Park,1,13.5,2,3,3,0,1,1,0,1,2
CEOC,LO54,Park,2,15,2,3,4,0,1,0,0,2,2
FRAM,LO54,Park,1,19.5,2,2,3,0,1,1,0,3,2
GLTR,LO56,Park,1,15,2,2,5,0,1,0,0,3,3
ACPL,LO58,Park,4,13.5,2,3,3,0,1,1,0,1,2
JUNI,LO59,Park,2,19,1,2,3,0,1,0,1,3,2
QUMA,LO59,Park,1,22.5,1,3,4,0,1,1,0,1,2
FRPE,LO6,Park,1,16.5,2,3,4,0,1,1,0,3,2
ULMI,LO6,Park,1,24.3,2,3,3,0,1,1,0,2,2
ACRU,LO60,Park,1,15,2,4,2,0,0,1,0,1,3
CGPU,LO63,Park,1,7.6,1,4,4,0,0,1,0,2,2
COCO,LO63,Park,2,13.5,0,2,4,0,1,0,0,2,3
PIAB,LO63,Park,2,15,0,5,2,1,1,1,1,5,3
ACSC,LO64,Park,1,20.5,1,5,3,0,1,1,0,1,2
CEOC,LO64,Park,6,15,2,3,4,0,1,0,0,2,2
GLTR,LO64,Park,1,15,2,2,5,0,1,0,0,3,3
QURU,LO64,Park,1,20.5,2,3,3,0,1,1,0,1,2
LOXY,LO65,Park,1,3.4,2,3,3,3,0,1,1,2,1
MABA,LO65,Park,1,8.5,1,2,3,0,0,0,0,2,3
THOC,LO65,Park,2,15,0,4,3,1,1,1,1,5,3
TICO,LO65,Park,1,19.5,1,5,3,1,0,1,0,2,2
ULAM,LO65,Park,1,21,2,3,4,0,1,1,0,2,3
FRPE,LO66,Park,1,16.5,2,3,4,0,1,1,0,3,2
ACPL,LO67,Park,3,13.5,2,3,3,0,1,1,0,1,2
ACSC,LO68,Park,2,20.5,1,5,3,0,1,1,0,1,2
AMAR,LO68,Park,1,6.5,0,5,3,0,0,0,0,2,2
THOC,LO68,Park,2,15,0,4,3,1,1,1,1,5,3
ULAM,LO68,Park,2,21,2,3,4,0,1,1,0,2,3
VILE,LO68,Park,9,5,1,4,2,3,0,1,0,2,1
GLTR,LO7,Park,1,15,2,2,5,0,1,0,0,3,3
ACSC,LO71,Park,1,20.5,1,5,3,0,1,1,0,1,2
JUNI,LO72,Park,1,19,1,2,3,0,1,0,1,3,2
CGMO,LO75,Park,1,7.6,1,2,3,3,0,1,0,1,2
PIAB,LO75,Park,1,15,0,5,2,1,1,1,1,5,3
PNNI,LO75,Park,1,16.8,1,2,4,1,1,1,1,5,3
QUMA,LO75,Park,1,22.5,1,3,4,0,1,1,0,1,2
FRPE,LO76,Park,1,16.5,2,3,4,0,1,1,0,3,2
ACPL,LO77,Park,3,13.5,2,3,3,0,1,1,0,1,2
ULLA,LO77,Park,1,40,2,4,1,0,1,1,0,2,2
ULMI,LO77,Park,1,24.3,2,3,3,0,1,1,0,2,2
CGPU,LO80,Park,2,7.6,1,4,4,0,0,1,0,2,2
MABA,LO80,Park,1,8.5,1,2,3,0,0,0,0,2,3
MASY,LO80,Park,3,10,2,2,3,0,0,0,0,2,3
PNNI,LO80,Park,3,16.8,1,2,4,1,1,1,1,5,3
QUBI,LO81,Park,1,16.5,1,3,4,0,1,1,0,1,3
ACFR,LO83,Park,1,15,2,2,3,1,1,1,0,1,2
PIAB,LO84,Park,3,15,0,5,2,1,1,1,1,5,3
PIPU,LO84,Park,1,13.5,0,3,3,1,1,1,1,5,3
ACPL,LO85,Park,4,13.5,2,3,3,0,1,1,0,1,2
GLTR,LO86,Park,3,15,2,2,5,0,1,0,0,3,3
MABA,LO89,Park,3,8.5,1,2,3,0,0,0,0,2,3
TICO,LO89,Park,1,19.5,1,5,3,1,0,1,0,2,2
AMAR,LO90,Park,1,6.5,0,5,3,0,0,0,0,2,2
MABA,LO90,Park,4,8.5,1,2,3,0,0,0,0,2,3
THOC,LO90,Park,4,15,0,4,3,1,1,1,1,5,3
CACA,LO91,Park,1,7.5,0,5,2,0,1,1,0,2,1
PYCA,LO91,Park,2,12,2,2,5,1,0,0,0,2,2
SYRE,LO91,Park,1,7.5,1,2,3,0,0,1,1,2,1
ACPL,LO92,Park,1,13.5,2,3,3,0,1,1,0,1,2
ACSC,LO92,Park,2,20.5,1,5,3,0,1,1,0,1,2
TICO,LO92,Park,1,19.5,1,5,3,1,0,1,0,2,2
ULAM,LO92,Park,1,21,2,3,4,0,1,1,0,2,3
ACPL,LO93,Park,1,13.5,2,3,3,0,1,1,0,1,2
FRPE,LO94,Park,3,16.5,2,3,4,0,1,1,0,3,2
LALA,LO94,Park,1,12,2,1,2,1,1,1,0,5,3
MABA,LO94,Park,1,8.5,1,2,3,0,0,0,0,2,3
PIAB,LO94,Park,1,15,0,5,2,1,1,1,1,5,3
QUMA,LO95,Park,3,22.5,1,3,4,0,1,1,0,1,2
TICO,LO96,Park,1,19.5,1,5,3,1,0,1,0,2,2
FRPE,LO97,Park,1,16.5,2,3,4,0,1,1,0,3,2
ACSC,LO98,Park,3,20.5,1,5,3,0,1,1,0,1,2
CGPU,LO99,Park,1,7.6,1,4,4,0,0,1,0,2,2
PIAB,LO99,Park,1,15,0,5,2,1,1,1,1,5,3
PNNI,LO99,Park,1,16.8,1,2,4,1,1,1,1,5,3
TIAM,LO99,Park,1,21,1,4,3,0,0,1,0,2,2
ACPL,S1,Row,3,13.5,2,3,3,0,1,1,0,1,2
AEHI,S1,Row,1,19,1,4,3,0,0,1,0,4,3
GLTR,S1,Row,1,15,2,2,5,0,1,0,0,3,3
QURU,S1,Row,1,20.5,2,3,3,0,1,1,0,1,2
TIAM,S1,Row,1,21,1,4,3,0,0,1,0,2,2
TICO,S1,Row,11,19.5,1,5,3,1,0,1,0,2,2
ACSA,S10,Row,3,18,2,4,3,0,1,1,0,1,2
CEOC,S10,Row,4,15,2,3,4,0,1,0,0,2,2
FRPE,S10,Row,1,16.5,2,3,4,0,1,1,0,3,2
PIPU,S10,Row,1,13.5,0,3,3,1,1,1,1,5,3
TICO,S10,Row,4,19.5,1,5,3,1,0,1,0,2,2
ACPL,S100,Row,7,13.5,2,3,3,0,1,1,0,1,2
ACSA,S100,Row,2,18,2,4,3,0,1,1,0,1,2
AMCA,S100,Row,1,4,1,3,3,4,0,0,0,2,1
CACA,S100,Row,1,7.5,0,5,2,0,1,1,0,2,1
GIBI,S100,Row,1,19.5,0,2,4,0,1,0,0,1,2
OSVI,S100,Row,1,10,0,5,4,0,0,1,0,2,3
QUROFA,S100,Row,1,16.8,1,2,3,1,1,1,0,1,2
ULMI,S100,Row,1,24.3,2,3,3,0,1,1,0,2,2
ULXXHO,S100,Row,1,18.3,2,2,3,0,1,1,0,2,2
ACFR,S101,Row,1,15,2,2,3,1,1,1,0,1,2
BENI,S101,Row,1,16.5,2,2,2,0,1,1,1,2,3
TICO,S101,Row,16,19.5,1,5,3,1,0,1,0,2,2
ACFR,S102,Row,1,15,2,2,3,1,1,1,0,1,2
ACPL,S102,Row,1,13.5,2,3,3,0,1,1,0,1,2
ACSA,S102,Row,2,18,2,4,3,0,1,1,0,1,2
ALGL,S102,Row,1,15,1,3,3,1,1,1,1,2,2
CEOC,S102,Row,1,15,2,3,4,0,1,0,0,2,2
GLTR,S102,Row,1,15,2,2,5,0,1,0,0,3,3
QUPA,S102,Row,1,19.5,1,2,3,1,1,1,0,1,2
TICO,S102,Row,2,19.5,1,5,3,1,0,1,0,2,2
ACSA,S103,Row,5,18,2,4,3,0,1,1,0,1,2
ACSC,S103,Row,1,20.5,1,5,3,0,1,1,0,1,2
CACA,S103,Row,1,7.5,0,5,2,0,1,1,0,2,1
CEOC,S103,Row,1,15,2,3,4,0,1,0,0,2,2
MABA,S103,Row,1,8.5,1,2,3,0,0,0,0,2,3
MGXXSO,S103,Row,1,7.6,1,3,2,3,0,1,1,2,1
OSVI,S103,Row,1,10,0,5,4,0,0,1,0,2,3
TICO,S103,Row,9,19.5,1,5,3,1,0,1,0,2,2
ACSA,S104,Row,2,18,2,4,3,0,1,1,0,1,2
GIBI,S104,Row,1,19.5,0,2,4,0,1,0,0,1,2
GLTR,S104,Row,1,15,2,2,5,0,1,0,0,3,3
JUNI,S104,Row,1,19,1,2,3,0,1,0,1,3,2
QUROFA,S104,Row,1,16.8,1,2,3,1,1,1,0,1,2
SOAU,S104,Row,1,9,1,3,3,3,0,0,0,3,1
TICO,S104,Row,4,19.5,1,5,3,1,0,1,0,2,2
ACFR,S105,Row,1,15,2,2,3,1,1,1,0,1,2
ACPL,S105,Row,3,13.5,2,3,3,0,1,1,0,1,2
ACSA,S105,Row,1,18,2,4,3,0,1,1,0,1,2
MABA,S105,Row,3,8.5,1,2,3,0,0,0,0,2,3
PIPU,S105,Row,1,13.5,0,3,3,1,1,1,1,5,3
QUPA,S105,Row,1,19.5,1,2,3,1,1,1,0,1,2
QURU,S105,Row,1,20.5,2,3,3,0,1,1,0,1,2
TICO,S105,Row,14,19.5,1,5,3,1,0,1,0,2,2
ACPL,S106,Row,1,13.5,2,3,3,0,1,1,0,1,2
ACSA,S106,Row,13,18,2,4,3,0,1,1,0,1,2
CTSP,S106,Row,1,15,2,2,5,0,0,0,0,2,3
JUNI,S106,Row,1,19,1,2,3,0,1,0,1,3,2
QUROFA,S106,Row,1,16.8,1,2,3,1,1,1,0,1,2
TICO,S106,Row,2,19.5,1,5,3,1,0,1,0,2,2
ACPL,S107,Row,3,13.5,2,3,3,0,1,1,0,1,2
ACSA,S107,Row,3,18,2,4,3,0,1,1,0,1,2
LITU,S107,Row,1,24,1,2,3,0,0,1,0,1,2
ACPL,S108,Row,1,13.5,2,3,3,0,1,1,0,1,2
ACSA,S108,Row,12,18,2,4,3,0,1,1,0,1,2
SYRE,S108,Row,1,7.5,1,2,3,0,0,1,1,2,1
ACPL,S109,Row,3,13.5,2,3,3,0,1,1,0,1,2
ACSA,S109,Row,3,18,2,4,3,0,1,1,0,1,2
FRPE,S109,Row,3,16.5,2,3,4,0,1,1,0,3,2
GYDI,S109,Row,2,20.5,1,3,4,0,1,1,0,3,3
PIGL,S109,Row,1,15,1,5,3,1,1,1,1,5,3
PIPU,S109,Row,1,13.5,0,3,3,1,1,1,1,5,3
PIRU,S109,Row,1,19.5,0,5,3,1,1,1,1,5,3
QUROFA,S109,Row,1,16.8,1,2,3,1,1,1,0,1,2
ACPL,S11,Row,5,13.5,2,3,3,0,1,1,0,1,2
ACSA,S11,Row,3,18,2,4,3,0,1,1,0,1,2
ACSC,S11,Row,1,20.5,1,5,3,0,1,1,0,1,2
GIBI,S11,Row,2,19.5,0,2,4,0,1,0,0,1,2
GYDI,S11,Row,2,20.5,1,3,4,0,1,1,0,3,3
QUPA,S11,Row,1,19.5,1,2,3,1,1,1,0,1,2
QUROFA,S11,Row,1,16.8,1,2,3,1,1,1,0,1,2
TICO,S11,Row,1,19.5,1,5,3,1,0,1,0,2,2
ACPL,S12,Row,2,13.5,2,3,3,0,1,1,0,1,2
ACSA,S12,Row,1,18,2,4,3,0,1,1,0,1,2
FRPE,S12,Row,4,16.5,2,3,4,0,1,1,0,3,2
TICO,S12,Row,1,19.5,1,5,3,1,0,1,0,2,2
ACPL,S13,Row,2,13.5,2,3,3,0,1,1,0,1,2
ACSA,S13,Row,7,18,2,4,3,0,1,1,0,1,2
FRAM,S13,Row,1,19.5,2,2,3,0,1,1,0,3,2
GIBI,S13,Row,1,19.5,0,2,4,0,1,0,0,1,2
QURU,S13,Row,2,20.5,2,3,3,0,1,1,0,1,2
TIAM,S13,Row,1,21,1,4,3,0,0,1,0,2,2
ACPL,S14,Row,5,13.5,2,3,3,0,1,1,0,1,2
ACSA,S14,Row,6,18,2,4,3,0,1,1,0,1,2
AEHI,S14,Row,1,19,1,4,3,0,0,1,0,4,3
CACA,S14,Row,1,7.5,0,5,2,0,1,1,0,2,1
PRVISC,S14,Row,1,7.6,2,3,3,0,0,0,0,2,1
TIAM,S14,Row,2,21,1,4,3,0,0,1,0,2,2
ACFR,S15,Row,1,15,2,2,3,1,1,1,0,1,2
ACPL,S15,Row,1,13.5,2,3,3,0,1,1,0,1,2
ACSA,S15,Row,9,18,2,4,3,0,1,1,0,1,2
GIBI,S15,Row,1,19.5,0,2,4,0,1,0,0,1,2
PIPU,S15,Row,1,13.5,0,3,3,1,1,1,1,5,3
ACPL,S16,Row,2,13.5,2,3,3,0,1,1,0,1,2
ACPLCK,S16,Row,1,13.7,1,4,3,0,1,1,0,1,2
ACSA,S16,Row,4,18,2,4,3,0,1,1,0,1,2
BEAL,S16,Row,1,20.5,1,3,3,0,1,1,0,2,3
GLTR,S16,Row,3,15,2,2,5,0,1,0,0,3,3
OSVI,S16,Row,1,10,0,5,4,0,0,1,0,2,3
TICO,S16,Row,1,19.5,1,5,3,1,0,1,0,2,2
ACPL,S17,Row,1,13.5,2,3,3,0,1,1,0,1,2
ACSA,S17,Row,6,18,2,4,3,0,1,1,0,1,2
GLTR,S17,Row,1,15,2,2,5,0,1,0,0,3,3
OSVI,S17,Row,1,10,0,5,4,0,0,1,0,2,3
SYRE,S17,Row,1,7.5,1,2,3,0,0,1,1,2,1
TICO,S17,Row,1,19.5,1,5,3,1,0,1,0,2,2
ACPL,S18,Row,4,13.5,2,3,3,0,1,1,0,1,2
ACSA,S18,Row,4,18,2,4,3,0,1,1,0,1,2
CEOC,S18,Row,1,15,2,3,4,0,1,0,0,2,2
PIAB,S18,Row,2,15,0,5,2,1,1,1,1,5,3
PIRU,S18,Row,1,19.5,0,5,3,1,1,1,1,5,3
SYRE,S18,Row,2,7.5,1,2,3,0,0,1,1,2,1
ULPU,S18,Row,1,18,2,3,4,0,1,1,0,2,2
ACGI,S19,Row,1,4.5,1,3,3,0,1,1,0,1,3
ACPL,S19,Row,3,13.5,2,3,3,0,1,1,0,1,2
ACRU,S19,Row,1,15,2,4,2,0,0,1,0,1,3
ACSA,S19,Row,2,18,2,4,3,0,1,1,0,1,2
BENI,S19,Row,1,16.5,2,2,2,0,1,1,1,2,3
CACA,S19,Row,1,7.5,0,5,2,0,1,1,0,2,1
JUCI,S19,Row,1,15,1,2,3,0,1,0,0,3,2
MGKO,S19,Row,1,10.5,0,3,3,0,0,1,0,2,1
PIPU,S19,Row,1,13.5,0,3,3,1,1,1,1,5,3
THOC,S19,Row,1,15,0,4,3,1,1,1,1,5,3
ACSA,S2,Row,5,18,2,4,3,0,1,1,0,1,2
GLTR,S2,Row,9,15,2,2,5,0,1,0,0,3,3
SYRE,S2,Row,2,7.5,1,2,3,0,0,1,1,2,1
TICO,S2,Row,1,19.5,1,5,3,1,0,1,0,2,2
ACPL,S20,Row,9,13.5,2,3,3,0,1,1,0,1,2
ACSA,S20,Row,2,18,2,4,3,0,1,1,0,1,2
CACA,S20,Row,1,7.5,0,5,2,0,1,1,0,2,1
PRVISC,S20,Row,1,7.6,2,3,3,0,0,0,0,2,1
QUMA,S20,Row,1,22.5,1,3,4,0,1,1,0,1,2
SYRE,S20,Row,1,7.5,1,2,3,0,0,1,1,2,1
ACMIMO,S21,Row,1,13.5,1,3,4,0,1,1,0,1,3
ACPL,S21,Row,4,13.5,2,3,3,0,1,1,0,1,2
ACSC,S21,Row,1,20.5,1,5,3,0,1,1,0,1,2
CEOC,S21,Row,2,15,2,3,4,0,1,0,0,2,2
GIBI,S21,Row,1,19.5,0,2,4,0,1,0,0,1,2
GLTR,S21,Row,1,15,2,2,5,0,1,0,0,3,3
MASY,S21,Row,1,10,2,2,3,0,0,0,0,2,3
MGAC,S21,Row,1,19.5,2,3,2,1,1,1,0,2,2
PIPU,S21,Row,13,13.5,0,3,3,1,1,1,1,5,3
SYRE,S21,Row,1,7.5,1,2,3,0,0,1,1,2,1
ACPL,S22,Row,1,13.5,2,3,3,0,1,1,0,1,2
AMGR,S22,Row,1,6.5,0,3,3,4,0,0,0,2,1
PIGL,S22,Row,1,15,1,5,3,1,1,1,1,5,3
PIPU,S22,Row,1,13.5,0,3,3,1,1,1,1,5,3
SOAU,S22,Row,1,9,1,3,3,3,0,0,0,3,1
SYRE,S22,Row,2,7.5,1,2,3,0,0,1,1,2,1
ACPL,S23,Row,6,13.5,2,3,3,0,1,1,0,1,2
ACSA,S23,Row,2,18,2,4,3,0,1,1,0,1,2
GLTR,S23,Row,1,15,2,2,5,0,1,0,0,3,3
PRVISC,S23,Row,1,7.6,2,3,3,0,0,0,0,2,1
ACPL,S24,Row,7,13.5,2,3,3,0,1,1,0,1,2
ACPLCK,S24,Row,1,13.7,1,4,3,0,1,1,0,1,2
ACSA,S24,Row,1,18,2,4,3,0,1,1,0,1,2
CEOC,S24,Row,1,15,2,3,4,0,1,0,0,2,2
FRPE,S24,Row,5,16.5,2,3,4,0,1,1,0,3,2
QURU,S24,Row,1,20.5,2,3,3,0,1,1,0,1,2
SOAU,S24,Row,1,9,1,3,3,3,0,0,0,3,1
THOC,S24,Row,1,15,0,4,3,1,1,1,1,5,3
ULMI,S24,Row,1,24.3,2,3,3,0,1,1,0,2,2
ACPL,S25,Row,7,13.5,2,3,3,0,1,1,0,1,2
ACSA,S25,Row,4,18,2,4,3,0,1,1,0,1,2
GLTR,S25,Row,2,15,2,2,5,0,1,0,0,3,3
ACPL,S26,Row,14,13.5,2,3,3,0,1,1,0,1,2
FRPE,S26,Row,1,16.5,2,3,4,0,1,1,0,3,2
SOAU,S26,Row,1,9,1,3,3,3,0,0,0,3,1
TICO,S26,Row,1,19.5,1,5,3,1,0,1,0,2,2
ULXXHO,S26,Row,1,18.3,2,2,3,0,1,1,0,2,2
ACFR,S27,Row,1,15,2,2,3,1,1,1,0,1,2
ACPL,S27,Row,7,13.5,2,3,3,0,1,1,0,1,2
GIBI,S27,Row,2,19.5,0,2,4,0,1,0,0,1,2
MABA,S27,Row,1,8.5,1,2,3,0,0,0,0,2,3
MCAM,S27,Row,1,7.5,0,2,5,0,0,1,1,3,3
PIAB,S27,Row,1,15,0,5,2,1,1,1,1,5,3
PIPU,S27,Row,1,13.5,0,3,3,1,1,1,1,5,3
ACPL,S28,Row,2,13.5,2,3,3,0,1,1,0,1,2
ACSA,S28,Row,5,18,2,4,3,0,1,1,0,1,2
ACSC,S28,Row,1,20.5,1,5,3,0,1,1,0,1,2
CEOC,S28,Row,1,15,2,3,4,0,1,0,0,2,2
CGMOSN,S28,Row,1,20,1,3,5,3,0,1,0,2,2
GLTR,S28,Row,3,15,2,2,5,0,1,0,0,3,3
SYRE,S28,Row,2,7.5,1,2,3,0,0,1,1,2,1
ACPL,S29,Row,3,13.5,2,3,3,0,1,1,0,1,2
ACSA,S29,Row,8,18,2,4,3,0,1,1,0,1,2
MASY,S29,Row,1,10,2,2,3,0,0,0,0,2,3
PIPU,S29,Row,2,13.5,0,3,3,1,1,1,1,5,3
TIERWR,S29,Row,1,30.5,1,3,4,0,0,1,0,2,2
ACPL,S3,Row,15,13.5,2,3,3,0,1,1,0,1,2
GYDI,S3,Row,3,20.5,1,3,4,0,1,1,0,3,3
ULMI,S3,Row,2,24.3,2,3,3,0,1,1,0,2,2
ULXXFR,S3,Row,1,12.2,1,4,4,4,1,1,0,2,2
ACPL,S30,Row,4,13.5,2,3,3,0,1,1,0,1,2
ACSA,S30,Row,2,18,2,4,3,0,1,1,0,1,2
AMGR,S30,Row,1,6.5,0,3,3,4,0,0,0,2,1
AMLA,S30,Row,1,6.5,1,3,3,4,0,0,0,2,2
FRAM,S30,Row,1,19.5,2,2,3,0,1,1,0,3,2
FRPE,S30,Row,1,16.5,2,3,4,0,1,1,0,3,2
GLTR,S30,Row,4,15,2,2,5,0,1,0,0,3,3
MABA,S30,Row,2,8.5,1,2,3,0,0,0,0,2,3
MGAC,S30,Row,1,19.5,2,3,2,1,1,1,0,2,2
PHAM,S30,Row,1,11.5,1,2,5,0,1,1,0,3,2
ULMI,S30,Row,1,24.3,2,3,3,0,1,1,0,2,2
ACPL,S31,Row,2,13.5,2,3,3,0,1,1,0,1,2
ACRU,S31,Row,1,15,2,4,2,0,0,1,0,1,3
ACSA,S31,Row,13,18,2,4,3,0,1,1,0,1,2
GLTR,S31,Row,1,15,2,2,5,0,1,0,0,3,3
PIGL,S31,Row,1,15,1,5,3,1,1,1,1,5,3
PIPU,S31,Row,1,13.5,0,3,3,1,1,1,1,5,3
QUMA,S31,Row,1,22.5,1,3,4,0,1,1,0,1,2
ACSA,S32,Row,16,18,2,4,3,0,1,1,0,1,2
GIBI,S32,Row,1,19.5,0,2,4,0,1,0,0,1,2
PIPU,S32,Row,3,13.5,0,3,3,1,1,1,1,5,3
TIAM,S32,Row,1,21,1,4,3,0,0,1,0,2,2
ACMIMO,S33,Row,1,13.5,1,3,4,0,1,1,0,1,3
ACPL,S33,Row,11,13.5,2,3,3,0,1,1,0,1,2
ACPLCK,S33,Row,1,13.7,1,4,3,0,1,1,0,1,2
ACSA,S33,Row,2,18,2,4,3,0,1,1,0,1,2
GLTR,S33,Row,2,15,2,2,5,0,1,0,0,3,3
PIGL,S33,Row,1,15,1,5,3,1,1,1,1,5,3
QURU,S33,Row,1,20.5,2,3,3,0,1,1,0,1,2
TICO,S33,Row,1,19.5,1,5,3,1,0,1,0,2,2
ACSA,S34,Row,1,18,2,4,3,0,1,1,0,1,2
BEAL,S34,Row,1,20.5,1,3,3,0,1,1,0,2,3
FRAM,S34,Row,1,19.5,2,2,3,0,1,1,0,3,2
FRPE,S34,Row,3,16.5,2,3,4,0,1,1,0,3,2
GLTR,S34,Row,1,15,2,2,5,0,1,0,0,3,3
JUCO,S34,Row,1,2.3,0,2,4,3,1,0,1,5,3
SYRE,S34,Row,1,7.5,1,2,3,0,0,1,1,2,1
ACNE,S35,Row,1,12,2,4,4,0,1,1,0,3,3
ACPL,S35,Row,2,13.5,2,3,3,0,1,1,0,1,2
ACSA,S35,Row,2,18,2,4,3,0,1,1,0,1,2
CEOC,S35,Row,4,15,2,3,4,0,1,0,0,2,2
FASY,S35,Row,1,16.5,1,5,3,0,1,0,0,2,1
GLTR,S35,Row,1,15,2,2,5,0,1,0,0,3,3
MABA,S35,Row,1,8.5,1,2,3,0,0,0,0,2,3
MASY,S35,Row,1,10,2,2,3,0,0,0,0,2,3
PNST,S35,Row,1,19.5,2,3,3,1,1,0,1,5,2
TICO,S35,Row,2,19.5,1,5,3,1,0,1,0,2,2
ULPU,S35,Row,2,18,2,3,4,0,1,1,0,2,2
ACPL,S36,Row,1,13.5,2,3,3,0,1,1,0,1,2
ACSA,S36,Row,2,18,2,4,3,0,1,1,0,1,2
FRPE,S36,Row,9,16.5,2,3,4,0,1,1,0,3,2
GLTR,S36,Row,2,15,2,2,5,0,1,0,0,3,3
ACPL,S37,Row,10,13.5,2,3,3,0,1,1,0,1,2
CEOC,S37,Row,1,15,2,3,4,0,1,0,0,2,2
GLTR,S37,Row,2,15,2,2,5,0,1,0,0,3,3
SYRE,S37,Row,1,7.5,1,2,3,0,0,1,1,2,1
ULPU,S37,Row,1,18,2,3,4,0,1,1,0,2,2
ACPL,S38,Row,2,13.5,2,3,3,0,1,1,0,1,2
CEOC,S38,Row,1,15,2,3,4,0,1,0,0,2,2
GLTR,S38,Row,1,15,2,2,5,0,1,0,0,3,3
PRDO,S38,Row,1,9,1,2,3,0,0,0,0,2,1
SYRE,S38,Row,1,7.5,1,2,3,0,0,1,1,2,1
BENI,S39,Row,1,16.5,2,2,2,0,1,1,1,2,3
CEOC,S39,Row,3,15,2,3,4,0,1,0,0,2,2
GLTR,S39,Row,1,15,2,2,5,0,1,0,0,3,3
OSVI,S39,Row,1,10,0,5,4,0,0,1,0,2,3
SYRE,S39,Row,1,7.5,1,2,3,0,0,1,1,2,1
TICO,S39,Row,8,19.5,1,5,3,1,0,1,0,2,2
ACPL,S4,Row,3,13.5,2,3,3,0,1,1,0,1,2
FRPE,S4,Row,4,16.5,2,3,4,0,1,1,0,3,2
GLTR,S4,Row,2,15,2,2,5,0,1,0,0,3,3
TICO,S4,Row,4,19.5,1,5,3,1,0,1,0,2,2
ACPL,S40,Row,5,13.5,2,3,3,0,1,1,0,1,2
ACSA,S40,Row,1,18,2,4,3,0,1,1,0,1,2
ACSC,S40,Row,1,20.5,1,5,3,0,1,1,0,1,2
GLTR,S40,Row,1,15,2,2,5,0,1,0,0,3,3
MABA,S40,Row,1,8.5,1,2,3,0,0,0,0,2,3
PNRE,S40,Row,1,19.5,1,2,3,0,1,1,1,5,3
QURO,S40,Row,1,15,1,2,3,0,1,1,0,1,2
ULMI,S40,Row,1,24.3,2,3,3,0,1,1,0,2,2
ACPL,S41,Row,12,13.5,2,3,3,0,1,1,0,1,2
ACSA,S41,Row,2,18,2,4,3,0,1,1,0,1,2
FRPE,S41,Row,1,16.5,2,3,4,0,1,1,0,3,2
PIGL,S41,Row,1,15,1,5,3,1,1,1,1,5,3
QUPA,S41,Row,1,19.5,1,2,3,1,1,1,0,1,2
SYRE,S41,Row,1,7.5,1,2,3,0,0,1,1,2,1
ACPL,S42,Row,2,13.5,2,3,3,0,1,1,0,1,2
ACSA,S42,Row,11,18,2,4,3,0,1,1,0,1,2
PIPU,S42,Row,1,13.5,0,3,3,1,1,1,1,5,3
ULPU,S42,Row,2,18,2,3,4,0,1,1,0,2,2
ACPL,S43,Row,2,13.5,2,3,3,0,1,1,0,1,2
CEOC,S43,Row,1,15,2,3,4,0,1,0,0,2,2
PHAM,S43,Row,1,11.5,1,2,5,0,1,1,0,3,2
PRVISC,S43,Row,1,7.6,2,3,3,0,0,0,0,2,1
QUMA,S43,Row,1,22.5,1,3,4,0,1,1,0,1,2
QUROFA,S43,Row,1,16.8,1,2,3,1,1,1,0,1,2
TICO,S43,Row,11,19.5,1,5,3,1,0,1,0,2,2
ACPL,S44,Row,9,13.5,2,3,3,0,1,1,0,1,2
ACPLCK,S44,Row,1,13.7,1,4,3,0,1,1,0,1,2
ACSA,S44,Row,1,18,2,4,3,0,1,1,0,1,2
AEHI,S44,Row,1,19,1,4,3,0,0,1,0,4,3
GLTR,S44,Row,1,15,2,2,5,0,1,0,0,3,3
PIPU,S44,Row,3,13.5,0,3,3,1,1,1,1,5,3
PRMAJE,S44,Row,1,12.2,1,2,2,0,0,0,0,2,1
QUAL,S44,Row,1,19.5,0,3,4,1,1,1,0,1,3
TICO,S44,Row,4,19.5,1,5,3,1,0,1,0,2,2
ULPU,S44,Row,1,18,2,3,4,0,1,1,0,2,2
ACPL,S45,Row,1,13.5,2,3,3,0,1,1,0,1,2
ACSA,S45,Row,3,18,2,4,3,0,1,1,0,1,2
BEAL,S45,Row,1,20.5,1,3,3,0,1,1,0,2,3
CTSP,S45,Row,1,15,2,2,5,0,0,0,0,2,3
GIBI,S45,Row,1,19.5,0,2,4,0,1,0,0,1,2
PRVI,S45,Row,1,8.5,1,3,3,0,0,0,0,2,1
TICO,S45,Row,8,19.5,1,5,3,1,0,1,0,2,2
ACPL,S46,Row,3,13.5,2,3,3,0,1,1,0,1,2
ACSA,S46,Row,9,18,2,4,3,0,1,1,0,1,2
AMGR,S46,Row,1,6.5,0,3,3,4,0,0,0,2,1
CTSP,S46,Row,1,15,2,2,5,0,0,0,0,2,3
GLTR,S46,Row,3,15,2,2,5,0,1,0,0,3,3
MABA,S46,Row,2,8.5,1,2,3,0,0,0,0,2,3
QURO,S46,Row,1,15,1,2,3,0,1,1,0,1,2
QURU,S46,Row,1,20.5,2,3,3,0,1,1,0,1,2
ULAM,S46,Row,1,21,2,3,4,0,1,1,0,2,3
ACPL,S47,Row,5,13.5,2,3,3,0,1,1,0,1,2
ACSA,S47,Row,2,18,2,4,3,0,1,1,0,1,2
MASY,S47,Row,1,10,2,2,3,0,0,0,0,2,3
MGKO,S47,Row,1,10.5,0,3,3,0,0,1,0,2,1
SOAU,S47,Row,1,9,1,3,3,3,0,0,0,3,1
SOXA,S47,Row,1,6,1,3,3,3,0,1,0,3,1
TICO,S47,Row,9,19.5,1,5,3,1,0,1,0,2,2
ACFR,S48,Row,1,15,2,2,3,1,1,1,0,1,2
ACPL,S48,Row,2,13.5,2,3,3,0,1,1,0,1,2
ACSA,S48,Row,2,18,2,4,3,0,1,1,0,1,2
MACO,S48,Row,2,7.6,2,3,3,0,0,0,0,2,3
PNNI,S48,Row,1,16.8,1,2,4,1,1,1,1,5,3
TICO,S48,Row,14,19.5,1,5,3,1,0,1,0,2,2
ACPL,S49,Row,2,13.5,2,3,3,0,1,1,0,1,2
ACSA,S49,Row,2,18,2,4,3,0,1,1,0,1,2
TICO,S49,Row,8,19.5,1,5,3,1,0,1,0,2,2
ACPL,S5,Row,6,13.5,2,3,3,0,1,1,0,1,2
ACSA,S5,Row,2,18,2,4,3,0,1,1,0,1,2
ACSC,S5,Row,2,20.5,1,5,3,0,1,1,0,1,2
PRCENE,S5,Row,2,5.5,0,3,3,0,0,0,0,2,2
TIAM,S5,Row,2,21,1,4,3,0,0,1,0,2,2
TICO,S5,Row,7,19.5,1,5,3,1,0,1,0,2,2
ACPL,S50,Row,1,13.5,2,3,3,0,1,1,0,1,2
ACSA,S50,Row,1,18,2,4,3,0,1,1,0,1,2
FRPE,S50,Row,6,16.5,2,3,4,0,1,1,0,3,2
MABA,S50,Row,1,8.5,1,2,3,0,0,0,0,2,3
ACFR,S51,Row,3,15,2,2,3,1,1,1,0,1,2
ACPL,S51,Row,8,13.5,2,3,3,0,1,1,0,1,2
ACSA,S51,Row,2,18,2,4,3,0,1,1,0,1,2
AEGL,S51,Row,1,9,1,4,3,0,0,1,0,4,3
FRPE,S51,Row,1,16.5,2,3,4,0,1,1,0,3,2
GIBI,S51,Row,2,19.5,0,2,4,0,1,0,0,1,2
LQSTMO,S51,Row,1,15,1,2,3,1,1,1,0,2,2
QUAL,S51,Row,1,19.5,0,3,4,1,1,1,0,1,3
TICO,S51,Row,1,19.5,1,5,3,1,0,1,0,2,2
TITO,S51,Row,1,18,2,4,3,0,0,1,0,2,2
ACSA,S52,Row,1,18,2,4,3,0,1,1,0,1,2
BENI,S52,Row,1,16.5,2,2,2,0,1,1,1,2,3
CEOC,S52,Row,1,15,2,3,4,0,1,0,0,2,2
FRPE,S52,Row,8,16.5,2,3,4,0,1,1,0,3,2
GIBI,S52,Row,2,19.5,0,2,4,0,1,0,0,1,2
PIPU,S52,Row,1,13.5,0,3,3,1,1,1,1,5,3
QURU,S52,Row,1,20.5,2,3,3,0,1,1,0,1,2
ULPU,S52,Row,2,18,2,3,4,0,1,1,0,2,2
ACPL,S53,Row,3,13.5,2,3,3,0,1,1,0,1,2
ACPLCK,S53,Row,1,13.7,1,4,3,0,1,1,0,1,2
FRPE,S53,Row,4,16.5,2,3,4,0,1,1,0,3,2
GIBI,S53,Row,3,19.5,0,2,4,0,1,0,0,1,2
ACGI,S54,Row,1,4.5,1,3,3,0,1,1,0,1,3
ACMIMO,S54,Row,1,13.5,1,3,4,0,1,1,0,1,3
ACPL,S54,Row,1,13.5,2,3,3,0,1,1,0,1,2
ACSA,S54,Row,1,18,2,4,3,0,1,1,0,1,2
CEOC,S54,Row,1,15,2,3,4,0,1,0,0,2,2
FRPE,S54,Row,5,16.5,2,3,4,0,1,1,0,3,2
PIPU,S54,Row,1,13.5,0,3,3,1,1,1,1,5,3
PIRU,S54,Row,1,19.5,0,5,3,1,1,1,1,5,3
THOC,S54,Row,1,15,0,4,3,1,1,1,1,5,3
ULMI,S54,Row,1,24.3,2,3,3,0,1,1,0,2,2
ACGI,S55,Row,1,4.5,1,3,3,0,1,1,0,1,3
ACPL,S55,Row,5,13.5,2,3,3,0,1,1,0,1,2
ACSA,S55,Row,3,18,2,4,3,0,1,1,0,1,2
GLTR,S55,Row,2,15,2,2,5,0,1,0,0,3,3
LITU,S55,Row,1,24,1,2,3,0,0,1,0,1,2
MABA,S55,Row,1,8.5,1,2,3,0,0,0,0,2,3
MCAM,S55,Row,1,7.5,0,2,5,0,0,1,1,3,3
QUPA,S55,Row,1,19.5,1,2,3,1,1,1,0,1,2
THOC,S55,Row,3,15,0,4,3,1,1,1,1,5,3
ACPL,S56,Row,4,13.5,2,3,3,0,1,1,0,1,2
ACSA,S56,Row,3,18,2,4,3,0,1,1,0,1,2
ACTA,S56,Row,1,5.5,1,4,4,0,1,1,0,2,2
CACA,S56,Row,1,7.5,0,5,2,0,1,1,0,2,1
FRPE,S56,Row,4,16.5,2,3,4,0,1,1,0,3,2
ULMI,S56,Row,1,24.3,2,3,3,0,1,1,0,2,2
ACPL,S57,Row,8,13.5,2,3,3,0,1,1,0,1,2
ACSA,S57,Row,6,18,2,4,3,0,1,1,0,1,2
CTSP,S57,Row,1,15,2,2,5,0,0,0,0,2,3
QURU,S57,Row,1,20.5,2,3,3,0,1,1,0,1,2
TIAM,S57,Row,1,21,1,4,3,0,0,1,0,2,2
ACPL,S58,Row,5,13.5,2,3,3,0,1,1,0,1,2
ACSA,S58,Row,1,18,2,4,3,0,1,1,0,1,2
CEOC,S58,Row,1,15,2,3,4,0,1,0,0,2,2
GLTR,S58,Row,1,15,2,2,5,0,1,0,0,3,3
MABA,S58,Row,1,8.5,1,2,3,0,0,0,0,2,3
ACSA,S59,Row,1,18,2,4,3,0,1,1,0,1,2
CGMOSN,S59,Row,1,20,1,3,5,3,0,1,0,2,2
CGPU,S59,Row,1,7.6,1,4,4,0,0,1,0,2,2
GLTR,S59,Row,4,15,2,2,5,0,1,0,0,3,3
TICO,S59,Row,2,19.5,1,5,3,1,0,1,0,2,2
ULPU,S59,Row,3,18,2,3,4,0,1,1,0,2,2
GLTR,S6,Row,1,15,2,2,5,0,1,0,0,3,3
ACPL,S60,Row,2,13.5,2,3,3,0,1,1,0,1,2
ACPLCK,S60,Row,1,13.7,1,4,3,0,1,1,0,1,2
ACSA,S60,Row,1,18,2,4,3,0,1,1,0,1,2
FASYRI,S60,Row,1,15.2,1,5,3,2,1,0,0,2,1
FRAM,S60,Row,1,19.5,2,2,3,0,1,1,0,3,2
QUMA,S60,Row,1,22.5,1,3,4,0,1,1,0,1,2
TICO,S60,Row,1,19.5,1,5,3,1,0,1,0,2,2
ACPL,S61,Row,3,13.5,2,3,3,0,1,1,0,1,2
ACSA,S61,Row,2,18,2,4,3,0,1,1,0,1,2
FRPE,S61,Row,4,16.5,2,3,4,0,1,1,0,3,2
MABA,S61,Row,1,8.5,1,2,3,0,0,0,0,2,3
MASY,S61,Row,1,10,2,2,3,0,0,0,0,2,3
PIPU,S61,Row,1,13.5,0,3,3,1,1,1,1,5,3
PNMU,S61,Row,1,5.5,0,2,5,3,1,1,1,5,3
PYCA,S61,Row,2,12,2,2,5,1,0,0,0,2,2
SOAU,S61,Row,1,9,1,3,3,3,0,0,0,3,1
ACFR,S62,Row,1,15,2,2,3,1,1,1,0,1,2
ACPL,S62,Row,1,13.5,2,3,3,0,1,1,0,1,2
ACSA,S62,Row,2,18,2,4,3,0,1,1,0,1,2
CEOC,S62,Row,1,15,2,3,4,0,1,0,0,2,2
FRPE,S62,Row,3,16.5,2,3,4,0,1,1,0,3,2
GLTR,S62,Row,1,15,2,2,5,0,1,0,0,3,3
OSVI,S62,Row,2,10,0,5,4,0,0,1,0,2,3
QURO,S62,Row,1,15,1,2,3,0,1,1,0,1,2
QURU,S62,Row,1,20.5,2,3,3,0,1,1,0,1,2
ACPL,S63,Row,1,13.5,2,3,3,0,1,1,0,1,2
ACSA,S63,Row,4,18,2,4,3,0,1,1,0,1,2
ACSC,S63,Row,1,20.5,1,5,3,0,1,1,0,1,2
BEAL,S63,Row,1,20.5,1,3,3,0,1,1,0,2,3
FRPE,S63,Row,3,16.5,2,3,4,0,1,1,0,3,2
LAKA,S63,Row,2,18,2,2,3,1,1,1,0,5,3
PIPU,S63,Row,1,13.5,0,3,3,1,1,1,1,5,3
QUBI,S63,Row,1,16.5,1,3,4,0,1,1,0,1,3
QURU,S63,Row,1,20.5,2,3,3,0,1,1,0,1,2
ROPS,S63,Row,1,12,2,1,5,0,0,1,0,3,2
TIERWR,S63,Row,1,30.5,1,3,4,0,0,1,0,2,2
ACFR,S64,Row,1,15,2,2,3,1,1,1,0,1,2
ACPL,S64,Row,7,13.5,2,3,3,0,1,1,0,1,2
ACSA,S64,Row,3,18,2,4,3,0,1,1,0,1,2
AECABR,S64,Row,1,10.5,0,3,3,0,0,1,1,4,3
AMCA,S64,Row,1,4,1,3,3,4,0,0,0,2,1
AMLA,S64,Row,1,6.5,1,3,3,4,0,0,0,2,2
BENI,S64,Row,1,16.5,2,2,2,0,1,1,1,2,3
CTSP,S64,Row,1,15,2,2,5,0,0,0,0,2,3
FRPE,S64,Row,1,16.5,2,3,4,0,1,1,0,3,2
MCAM,S64,Row,1,7.5,0,2,5,0,0,1,1,3,3
PHAM,S64,Row,1,11.5,1,2,5,0,1,1,0,3,2
QURU,S64,Row,1,20.5,2,3,3,0,1,1,0,1,2
TICO,S64,Row,1,19.5,1,5,3,1,0,1,0,2,2
ULMI,S64,Row,1,24.3,2,3,3,0,1,1,0,2,2
ULXXHO,S64,Row,2,18.3,2,2,3,0,1,1,0,2,2
ACGI,S65,Row,1,4.5,1,3,3,0,1,1,0,1,3
ACMIMO,S65,Row,1,13.5,1,3,4,0,1,1,0,1,3
AMCA,S65,Row,1,4,1,3,3,4,0,0,0,2,1
FRPE,S65,Row,11,16.5,2,3,4,0,1,1,0,3,2
MABA,S65,Row,1,8.5,1,2,3,0,0,0,0,2,3
MCAM,S65,Row,1,7.5,0,2,5,0,0,1,1,3,3
QUBI,S65,Row,1,16.5,1,3,4,0,1,1,0,1,3
ACFR,S66,Row,2,15,2,2,3,1,1,1,0,1,2
ACSC,S66,Row,2,20.5,1,5,3,0,1,1,0,1,2
CACA,S66,Row,2,7.5,0,5,2,0,1,1,0,2,1
GIBI,S66,Row,1,19.5,0,2,4,0,1,0,0,1,2
MABA,S66,Row,1,8.5,1,2,3,0,0,0,0,2,3
PIOM,S66,Row,1,16.5,0,5,3,1,1,1,1,5,3
ACMIMO,S67,Row,1,13.5,1,3,4,0,1,1,0,1,3
ACPL,S67,Row,11,13.5,2,3,3,0,1,1,0,1,2
MABA,S67,Row,1,8.5,1,2,3,0,0,0,0,2,3
QUWARP,S67,Row,1,15.2,2,3,3,1,1,1,0,1,2
SYRE,S67,Row,1,7.5,1,2,3,0,0,1,1,2,1
ACFR,S68,Row,2,15,2,2,3,1,1,1,0,1,2
ACPL,S68,Row,10,13.5,2,3,3,0,1,1,0,1,2
ACSA,S68,Row,1,18,2,4,3,0,1,1,0,1,2
GIBI,S68,Row,1,19.5,0,2,4,0,1,0,0,1,2
SYRE,S68,Row,1,7.5,1,2,3,0,0,1,1,2,1
ULXXFR,S68,Row,1,12.2,1,4,4,4,1,1,0,2,2
ULXXHO,S68,Row,1,18.3,2,2,3,0,1,1,0,2,2
ACPL,S69,Row,8,13.5,2,3,3,0,1,1,0,1,2
GLTR,S69,Row,3,15,2,2,5,0,1,0,0,3,3
MABA,S69,Row,2,8.5,1,2,3,0,0,0,0,2,3
QUPA,S69,Row,1,19.5,1,2,3,1,1,1,0,1,2
QURO,S69,Row,1,15,1,2,3,0,1,1,0,1,2
QUROFA,S69,Row,1,16.8,1,2,3,1,1,1,0,1,2
ULMI,S69,Row,1,24.3,2,3,3,0,1,1,0,2,2
CEOC,S7,Row,6,15,2,3,4,0,1,0,0,2,2
TIAM,S7,Row,2,21,1,4,3,0,0,1,0,2,2
TICO,S7,Row,3,19.5,1,5,3,1,0,1,0,2,2
ACPL,S70,Row,11,13.5,2,3,3,0,1,1,0,1,2
ACSA,S70,Row,1,18,2,4,3,0,1,1,0,1,2
PHAM,S70,Row,1,11.5,1,2,5,0,1,1,0,3,2
QUROFA,S70,Row,1,16.8,1,2,3,1,1,1,0,1,2
QURU,S70,Row,2,20.5,2,3,3,0,1,1,0,1,2
SYRE,S70,Row,3,7.5,1,2,3,0,0,1,1,2,1
ACPL,S71,Row,8,13.5,2,3,3,0,1,1,0,1,2
ACPLCK,S71,Row,1,13.7,1,4,3,0,1,1,0,1,2
MABA,S71,Row,1,8.5,1,2,3,0,0,0,0,2,3
PIPU,S71,Row,1,13.5,0,3,3,1,1,1,1,5,3
QUAL,S71,Row,1,19.5,0,3,4,1,1,1,0,1,3
THOC,S71,Row,5,15,0,4,3,1,1,1,1,5,3
TICO,S71,Row,2,19.5,1,5,3,1,0,1,0,2,2
ULXXHO,S71,Row,1,18.3,2,2,3,0,1,1,0,2,2
ACPL,S72,Row,2,13.5,2,3,3,0,1,1,0,1,2
ACSA,S72,Row,1,18,2,4,3,0,1,1,0,1,2
GIBI,S72,Row,2,19.5,0,2,4,0,1,0,0,1,2
GLTR,S72,Row,1,15,2,2,5,0,1,0,0,3,3
PHAM,S72,Row,1,11.5,1,2,5,0,1,1,0,3,2
QURU,S72,Row,2,20.5,2,3,3,0,1,1,0,1,2
TIMOHG,S72,Row,1,9.1,0,4,2,0,0,1,0,2,2
ULMI,S72,Row,3,24.3,2,3,3,0,1,1,0,2,2
ACSA,S73,Row,16,18,2,4,3,0,1,1,0,1,2
MABA,S73,Row,1,8.5,1,2,3,0,0,0,0,2,3
PIPU,S73,Row,1,13.5,0,3,3,1,1,1,1,5,3
SYRE,S73,Row,1,7.5,1,2,3,0,0,1,1,2,1
ACPL,S74,Row,9,13.5,2,3,3,0,1,1,0,1,2
LITU,S74,Row,1,24,1,2,3,0,0,1,0,1,2
MABA,S74,Row,1,8.5,1,2,3,0,0,0,0,2,3
QUROFA,S74,Row,2,16.8,1,2,3,1,1,1,0,1,2
SYRE,S74,Row,1,7.5,1,2,3,0,0,1,1,2,1
THOC,S74,Row,1,15,0,4,3,1,1,1,1,5,3
ULMI,S74,Row,2,24.3,2,3,3,0,1,1,0,2,2
ACFR,S75,Row,1,15,2,2,3,1,1,1,0,1,2
ACPL,S75,Row,2,13.5,2,3,3,0,1,1,0,1,2
ACSA,S75,Row,10,18,2,4,3,0,1,1,0,1,2
GLTR,S75,Row,1,15,2,2,5,0,1,0,0,3,3
PIPU,S75,Row,3,13.5,0,3,3,1,1,1,1,5,3
ACFR,S76,Row,1,15,2,2,3,1,1,1,0,1,2
ACPL,S76,Row,4,13.5,2,3,3,0,1,1,0,1,2
ACSA,S76,Row,2,18,2,4,3,0,1,1,0,1,2
GIBI,S76,Row,1,19.5,0,2,4,0,1,0,0,1,2
PIPU,S76,Row,1,13.5,0,3,3,1,1,1,1,5,3
QURU,S76,Row,1,20.5,2,3,3,0,1,1,0,1,2
SYRE,S76,Row,1,7.5,1,2,3,0,0,1,1,2,1
ULMI,S76,Row,2,24.3,2,3,3,0,1,1,0,2,2
ACFR,S77,Row,3,15,2,2,3,1,1,1,0,1,2
ACMIMO,S77,Row,1,13.5,1,3,4,0,1,1,0,1,3
ACPL,S77,Row,10,13.5,2,3,3,0,1,1,0,1,2
GLTR,S77,Row,3,15,2,2,5,0,1,0,0,3,3
GYDI,S77,Row,1,20.5,1,3,4,0,1,1,0,3,3
QUBI,S77,Row,1,16.5,1,3,4,0,1,1,0,1,3
TICO,S77,Row,1,19.5,1,5,3,1,0,1,0,2,2
ULMI,S77,Row,1,24.3,2,3,3,0,1,1,0,2,2
ACPL,S78,Row,7,13.5,2,3,3,0,1,1,0,1,2
ACPLCK,S78,Row,1,13.7,1,4,3,0,1,1,0,1,2
ACSA,S78,Row,1,18,2,4,3,0,1,1,0,1,2
CEOC,S78,Row,6,15,2,3,4,0,1,0,0,2,2
ACPL,S79,Row,9,13.5,2,3,3,0,1,1,0,1,2
ACSA,S79,Row,1,18,2,4,3,0,1,1,0,1,2
QURU,S79,Row,18,20.5,2,3,3,0,1,1,0,1,2
CEOC,S8,Row,11,15,2,3,4,0,1,0,0,2,2
ACPL,S80,Row,3,13.5,2,3,3,0,1,1,0,1,2
QUROFA,S80,Row,3,16.8,1,2,3,1,1,1,0,1,2
QURU,S80,Row,18,20.5,2,3,3,0,1,1,0,1,2
ACPL,S81,Row,4,13.5,2,3,3,0,1,1,0,1,2
ACSA,S81,Row,1,18,2,4,3,0,1,1,0,1,2
ALGL,S81,Row,1,15,1,3,3,1,1,1,1,2,2
BENI,S81,Row,1,16.5,2,2,2,0,1,1,1,2,3
ACGI,S82,Row,1,4.5,1,3,3,0,1,1,0,1,3
ACPL,S82,Row,8,13.5,2,3,3,0,1,1,0,1,2
ACSA,S82,Row,4,18,2,4,3,0,1,1,0,1,2
CEOC,S82,Row,4,15,2,3,4,0,1,0,0,2,2
GLTR,S82,Row,1,15,2,2,5,0,1,0,0,3,3
QURU,S82,Row,1,20.5,2,3,3,0,1,1,0,1,2
ACPL,S83,Row,4,13.5,2,3,3,0,1,1,0,1,2
ACSA,S83,Row,3,18,2,4,3,0,1,1,0,1,2
BENI,S83,Row,1,16.5,2,2,2,0,1,1,1,2,3
GIBI,S83,Row,1,19.5,0,2,4,0,1,0,0,1,2
PIOM,S83,Row,1,16.5,0,5,3,1,1,1,1,5,3
PIPU,S83,Row,1,13.5,0,3,3,1,1,1,1,5,3
QURU,S83,Row,1,20.5,2,3,3,0,1,1,0,1,2
TIMOHG,S83,Row,1,9.1,0,4,2,0,0,1,0,2,2
ACPL,S84,Row,12,13.5,2,3,3,0,1,1,0,1,2
ACSA,S84,Row,4,18,2,4,3,0,1,1,0,1,2
AEGL,S84,Row,1,9,1,4,3,0,0,1,0,4,3
CTSP,S84,Row,1,15,2,2,5,0,0,0,0,2,3
GIBI,S84,Row,2,19.5,0,2,4,0,1,0,0,1,2
QURU,S84,Row,1,20.5,2,3,3,0,1,1,0,1,2
QUWARP,S84,Row,1,15.2,2,3,3,1,1,1,0,1,2
SYRE,S84,Row,1,7.5,1,2,3,0,0,1,1,2,1
TICO,S84,Row,2,19.5,1,5,3,1,0,1,0,2,2
ACPL,S85,Row,6,13.5,2,3,3,0,1,1,0,1,2
FRAM,S85,Row,2,19.5,2,2,3,0,1,1,0,3,2
FRPE,S85,Row,2,16.5,2,3,4,0,1,1,0,3,2
PNRE,S85,Row,1,19.5,1,2,3,0,1,1,1,5,3
PRNI,S85,Row,1,7.6,1,2,2,0,0,0,0,2,1
ACPL,S86,Row,2,13.5,2,3,3,0,1,1,0,1,2
GLTR,S86,Row,7,15,2,2,5,0,1,0,0,3,3
TICO,S86,Row,2,19.5,1,5,3,1,0,1,0,2,2
ULPU,S86,Row,1,18,2,3,4,0,1,1,0,2,2
GLTR,S87,Row,8,15,2,2,5,0,1,0,0,3,3
ACPL,S88,Row,4,13.5,2,3,3,0,1,1,0,1,2
ACSA,S88,Row,11,18,2,4,3,0,1,1,0,1,2
MASY,S88,Row,1,10,2,2,3,0,0,0,0,2,3
ACPL,S89,Row,2,13.5,2,3,3,0,1,1,0,1,2
ACSA,S89,Row,2,18,2,4,3,0,1,1,0,1,2
FRAM,S89,Row,1,19.5,2,2,3,0,1,1,0,3,2
FRPE,S89,Row,8,16.5,2,3,4,0,1,1,0,3,2
PIGL,S89,Row,1,15,1,5,3,1,1,1,1,5,3
PIPU,S89,Row,1,13.5,0,3,3,1,1,1,1,5,3
ULXXFR,S89,Row,1,12.2,1,4,4,4,1,1,0,2,2
ACSA,S9,Row,10,18,2,4,3,0,1,1,0,1,2
QUPA,S9,Row,1,19.5,1,2,3,1,1,1,0,1,2
FRPE,S90,Row,9,16.5,2,3,4,0,1,1,0,3,2
TICO,S90,Row,1,19.5,1,5,3,1,0,1,0,2,2
ACNE,S91,Row,1,12,2,4,4,0,1,1,0,3,3
FRPE,S91,Row,1,16.5,2,3,4,0,1,1,0,3,2
GLTR,S91,Row,9,15,2,2,5,0,1,0,0,3,3
ULAM,S91,Row,1,21,2,3,4,0,1,1,0,2,3
ACPL,S92,Row,1,13.5,2,3,3,0,1,1,0,1,2
ACSA,S92,Row,13,18,2,4,3,0,1,1,0,1,2
JUCI,S92,Row,1,15,1,2,3,0,1,0,0,3,2
ACFR,S93,Row,1,15,2,2,3,1,1,1,0,1,2
ACSA,S93,Row,1,18,2,4,3,0,1,1,0,1,2
AECABR,S93,Row,1,10.5,0,3,3,0,0,1,1,4,3
FRPE,S93,Row,5,16.5,2,3,4,0,1,1,0,3,2
JUNI,S93,Row,1,19,1,2,3,0,1,0,1,3,2
PIPU,S93,Row,2,13.5,0,3,3,1,1,1,1,5,3
ACGI,S94,Row,1,4.5,1,3,3,0,1,1,0,1,3
FASY,S94,Row,1,16.5,1,5,3,0,1,0,0,2,1
FRPE,S94,Row,4,16.5,2,3,4,0,1,1,0,3,2
GLTR,S94,Row,9,15,2,2,5,0,1,0,0,3,3
SYRE,S94,Row,2,7.5,1,2,3,0,0,1,1,2,1
TICO,S94,Row,1,19.5,1,5,3,1,0,1,0,2,2
ACPL,S95,Row,1,13.5,2,3,3,0,1,1,0,1,2
ACSA,S95,Row,1,18,2,4,3,0,1,1,0,1,2
FRPE,S95,Row,1,16.5,2,3,4,0,1,1,0,3,2
GLTR,S95,Row,4,15,2,2,5,0,1,0,0,3,3
TICO,S95,Row,3,19.5,1,5,3,1,0,1,0,2,2
ACPL,S96,Row,8,13.5,2,3,3,0,1,1,0,1,2
GIBI,S96,Row,1,19.5,0,2,4,0,1,0,0,1,2
GLTR,S96,Row,5,15,2,2,5,0,1,0,0,3,3
TICO,S96,Row,2,19.5,1,5,3,1,0,1,0,2,2
ACPL,S97,Row,6,13.5,2,3,3,0,1,1,0,1,2
ACRU,S97,Row,1,15,2,4,2,0,0,1,0,1,3
ACSA,S97,Row,1,18,2,4,3,0,1,1,0,1,2
GLTR,S97,Row,2,15,2,2,5,0,1,0,0,3,3
ACFR,S98,Row,5,15,2,2,3,1,1,1,0,1,2
ACPL,S98,Row,6,13.5,2,3,3,0,1,1,0,1,2
ACPLCK,S98,Row,1,13.7,1,4,3,0,1,1,0,1,2
GLTR,S98,Row,1,15,2,2,5,0,1,0,0,3,3
PIPU,S98,Row,2,13.5,0,3,3,1,1,1,1,5,3
PRCENE,S98,Row,1,5.5,0,3,3,0,0,0,0,2,2
QUBI,S98,Row,1,16.5,1,3,4,0,1,1,0,1,3
QUMA,S98,Row,2,22.5,1,3,4,0,1,1,0,1,2
ACSA,S99,Row,1,18,2,4,3,0,1,1,0,1,2
FRPE,S99,Row,1,16.5,2,3,4,0,1,1,0,3,2
MABA,S99,Row,1,8.5,1,2,3,0,0,0,0,2,3
TICO,S99,Row,9,19.5,1,5,3,1,0,1,0,2,2
PRAV,SM1,Inst,2,10.7,2,3,3,0,0,0,0,2,1
PRDO,SM1,Inst,1,9,1,2,3,0,0,0,0,2,1
ULAM,SM1,Inst,1,21,2,3,4,0,1,1,0,2,3
ULXXHO,SM1,Inst,2,18.3,2,2,3,0,1,1,0,2,2
ACSA,SM10,Inst,1,18,2,4,3,0,1,1,0,1,2
FRAM,SM10,Inst,1,19.5,2,2,3,0,1,1,0,3,2
PRDO,SM10,Inst,1,9,1,2,3,0,0,0,0,2,1
ULAM,SM10,Inst,2,21,2,3,4,0,1,1,0,2,3
ACNE,SM11,Inst,4,12,2,4,4,0,1,1,0,3,3
FRAM,SM11,Inst,2,19.5,2,2,3,0,1,1,0,3,2
ULAM,SM11,Inst,1,21,2,3,4,0,1,1,0,2,3
ULPU,SM11,Inst,3,18,2,3,4,0,1,1,0,2,2
ACSA,SM13,Inst,2,18,2,4,3,0,1,1,0,1,2
ULAM,SM13,Inst,2,21,2,3,4,0,1,1,0,2,3
PIPU,SM15,Inst,3,13.5,0,3,3,1,1,1,1,5,3
PRDO,SM15,Inst,1,9,1,2,3,0,0,0,0,2,1
PRVI,SM15,Inst,2,8.5,1,3,3,0,0,0,0,2,1
SYVU,SM15,Inst,1,3.5,1,3,3,3,0,1,0,2,1
PODE,SM16,Inst,1,26.5,2,1,2,0,1,1,0,2,2
PRDO,SM16,Inst,1,9,1,2,3,0,0,0,0,2,1
ULXXHO,SM16,Inst,2,18.3,2,2,3,0,1,1,0,2,2
ACNE,SM18,Inst,1,12,2,4,4,0,1,1,0,3,3
ACFR,SM19,Inst,1,15,2,2,3,1,1,1,0,1,2
ACNE,SM19,Inst,1,12,2,4,4,0,1,1,0,3,3
ACSA,SM19,Inst,2,18,2,4,3,0,1,1,0,1,2
FRPE,SM19,Inst,1,16.5,2,3,4,0,1,1,0,3,2
ACFR,SM2,Inst,1,15,2,2,3,1,1,1,0,1,2
ACNE,SM20,Inst,1,12,2,4,4,0,1,1,0,3,3
PIPU,SM20,Inst,1,13.5,0,3,3,1,1,1,1,5,3
ULXXHO,SM20,Inst,1,18.3,2,2,3,0,1,1,0,2,2
ACNE,SM4,Inst,1,12,2,4,4,0,1,1,0,3,3
ACRU,SM4,Inst,1,15,2,4,2,0,0,1,0,1,3
CAAB,SM4,Inst,1,17.5,1,2,4,3,0,1,1,2,1
EUAL,SM4,Inst,3,5.3,0,4,4,3,1,1,0,2,1
PIPU,SM4,Inst,1,13.5,0,3,3,1,1,1,1,5,3
QURU,SM4,Inst,2,20.5,2,3,3,0,1,1,0,1,2
ACSA,SM5,Inst,2,18,2,4,3,0,1,1,0,1,2
FRAM,SM5,Inst,1,19.5,2,2,3,0,1,1,0,3,2
ACSA,SM6,Inst,3,18,2,4,3,0,1,1,0,1,2
ACNE,SM8,Inst,1,12,2,4,4,0,1,1,0,3,3
ULXXHO,SM8,Inst,1,18.3,2,2,3,0,1,1,0,2,2
CEOC,SM9,Inst,1,15,2,3,4,0,1,0,0,2,2
ULPU,SM9,Inst,1,18,2,3,4,0,1,1,0,2,2
MABA,SMC1,Inst,2,8.5,1,2,3,0,0,0,0,2,3
PNRE,SMC1,Inst,1,19.5,1,2,3,0,1,1,1,5,3
ACNE,SMC10,Inst,1,12,2,4,4,0,1,1,0,3,3
ACPL,SMC10,Inst,2,13.5,2,3,3,0,1,1,0,1,2
PIPU,SMC10,Inst,1,13.5,0,3,3,1,1,1,1,5,3
ULAM,SMC10,Inst,1,21,2,3,4,0,1,1,0,2,3
MABA,SMC11,Inst,2,8.5,1,2,3,0,0,0,0,2,3
THOC,SMC11,Inst,1,15,0,4,3,1,1,1,1,5,3
ACNE,SMC2,Inst,2,12,2,4,4,0,1,1,0,3,3
ACPL,SMC2,Inst,1,13.5,2,3,3,0,1,1,0,1,2
MABA,SMC2,Inst,2,8.5,1,2,3,0,0,0,0,2,3
ACNE,SMC3,Inst,2,12,2,4,4,0,1,1,0,3,3
ACPL,SMC3,Inst,2,13.5,2,3,3,0,1,1,0,1,2
EUEU,SMC3,Inst,1,6.4,1,3,3,3,0,1,0,2,1
PIPU,SMC4,Inst,1,13.5,0,3,3,1,1,1,1,5,3
ACNE,SMC5,Inst,1,12,2,4,4,0,1,1,0,3,3
ACPL,SMC5,Inst,2,13.5,2,3,3,0,1,1,0,1,2
PIPU,SMC5,Inst,1,13.5,0,3,3,1,1,1,1,5,3
PRVI,SMC5,Inst,1,8.5,1,3,3,0,0,0,0,2,1
SYVU,SMC5,Inst,7,3.5,1,3,3,3,0,1,0,2,1
ULAM,SMC5,Inst,1,21,2,3,4,0,1,1,0,2,3
ACPL,SMC7,Inst,1,13.5,2,3,3,0,1,1,0,1,2
FRPE,SMC7,Inst,1,16.5,2,3,4,0,1,1,0,3,2
ULPU,SMC7,Inst,1,18,2,3,4,0,1,1,0,2,2
ACNE,SMC8,Inst,1,12,2,4,4,0,1,1,0,3,3
ACPL,SMC8,Inst,1,13.5,2,3,3,0,1,1,0,1,2
ULAM,SMC8,Inst,1,21,2,3,4,0,1,1,0,2,3
ACPL,SMC9,Inst,1,13.5,2,3,3,0,1,1,0,1,2
LOXY,SP1,Inst,1,3.4,2,3,3,3,0,1,1,2,1
TIAM,SP1,Inst,2,21,1,4,3,0,0,1,0,2,2
GLTR,SP10,Inst,2,15,2,2,5,0,1,0,0,3,3
ACNE,SP11,Inst,1,12,2,4,4,0,1,1,0,3,3
ACPL,SP11,Inst,3,13.5,2,3,3,0,1,1,0,1,2
GLTR,SP11,Inst,1,15,2,2,5,0,1,0,0,3,3
PIEN,SP11,Inst,1,26,1,5,3,1,1,1,1,5,3
PRPA,SP11,Inst,1,10.7,2,3,2,0,0,0,0,2,1
THOC,SP11,Inst,1,15,0,4,3,1,1,1,1,5,3
ACNE,SP12,Inst,1,12,2,4,4,0,1,1,0,3,3
ACPL,SP12,Inst,4,13.5,2,3,3,0,1,1,0,1,2
ACSA,SP12,Inst,1,18,2,4,3,0,1,1,0,1,2
FRPE,SP12,Inst,1,16.5,2,3,4,0,1,1,0,3,2
ACSA,SP13,Inst,1,18,2,4,3,0,1,1,0,1,2
ULAM,SP13,Inst,1,21,2,3,4,0,1,1,0,2,3
AMLA,SP14,Inst,1,6.5,1,3,3,4,0,0,0,2,2
PIPU,SP14,Inst,1,13.5,0,3,3,1,1,1,1,5,3
ACSA,SP16,Inst,2,18,2,4,3,0,1,1,0,1,2
ULAM,SP16,Inst,1,21,2,3,4,0,1,1,0,2,3
ACPL,SP2,Inst,4,13.5,2,3,3,0,1,1,0,1,2
ACPLCK,SP2,Inst,1,13.7,1,4,3,0,1,1,0,1,2
LOXY,SP2,Inst,5,3.4,2,3,3,3,0,1,1,2,1
RHCA,SP2,Inst,1,6.5,1,2,4,3,1,1,0,2,1
ACSA,SP3,Inst,1,18,2,4,3,0,1,1,0,1,2
ACSA,SP4,Inst,1,18,2,4,3,0,1,1,0,1,2
ACPL,SP5,Inst,2,13.5,2,3,3,0,1,1,0,1,2
ACSA,SP5,Inst,2,18,2,4,3,0,1,1,0,1,2
MABA,SP5,Inst,1,8.5,1,2,3,0,0,0,0,2,3
CORU,SP6,Inst,1,1.5,1,3,4,3,0,1,0,2,1
ACPL,SP7,Inst,1,13.5,2,3,3,0,1,1,0,1,2
ACSA,SP7,Inst,1,18,2,4,3,0,1,1,0,1,2
ACPL,SP8,Inst,3,13.5,2,3,3,0,1,1,0,1,2
LOXY,SP8,Inst,9,3.4,2,3,3,3,0,1,1,2,1
PRVI,SP8,Inst,1,8.5,1,3,3,0,0,0,0,2,1
ACPL,SP9,Inst,1,13.5,2,3,3,0,1,1,0,1,2
BENI,SP9,Inst,1,16.5,2,2,2,0,1,1,1,2,3
ACPL,ST1,Inst,3,13.5,2,3,3,0,1,1,0,1,2
PRPE,ST1,Inst,1,6.1,2,2,2,0,0,0,0,2,1
SYVU,ST1,Inst,1,3.5,1,3,3,3,0,1,0,2,1
TACA,ST1,Inst,2,1.4,0,4,3,3,1,1,1,5,3
CEOC,ST2,Inst,1,15,2,3,4,0,1,0,0,2,2
JUCO,ST2,Inst,1,2.3,0,2,4,3,1,0,1,5,3
PIPU,ST2,Inst,1,13.5,0,3,3,1,1,1,1,5,3
SYVU,ST2,Inst,1,3.5,1,3,3,3,0,1,0,2,1
TACA,ST2,Inst,1,1.4,0,4,3,3,1,1,1,5,3
THOC,ST2,Inst,1,15,0,4,3,1,1,1,1,5,3
ACFR,ST3,Inst,1,15,2,2,3,1,1,1,0,1,2
ACPL,ST3,Inst,2,13.5,2,3,3,0,1,1,0,1,2
AEHI,ST3,Inst,1,19,1,4,3,0,0,1,0,4,3
PIPU,ST3,Inst,1,13.5,0,3,3,1,1,1,1,5,3
QUMA,ST3,Inst,1,22.5,1,3,4,0,1,1,0,1,2
ROPS,ST3,Inst,1,12,2,1,5,0,0,1,0,3,2
TACA,ST3,Inst,2,1.4,0,4,3,3,1,1,1,5,3
ACPL,ST4,Inst,3,13.5,2,3,3,0,1,1,0,1,2
AEHI,ST4,Inst,1,19,1,4,3,0,0,1,0,4,3
PIGL,ST4,Inst,1,15,1,5,3,1,1,1,1,5,3
TACA,ST4,Inst,1,1.4,0,4,3,3,1,1,1,5,3
ULAM,ST4,Inst,1,21,2,3,4,0,1,1,0,2,3
ACPL,ST5,Inst,3,13.5,2,3,3,0,1,1,0,1,2
CGPU,ST5,Inst,1,7.6,1,4,4,0,0,1,0,2,2
SYRE,ST5,Inst,1,7.5,1,2,3,0,0,1,1,2,1
SYVU,ST5,Inst,1,3.5,1,3,3,3,0,1,0,2,1
CEOC,ST6,Inst,1,15,2,3,4,0,1,0,0,2,2
CGPU,ST6,Inst,3,7.6,1,4,4,0,0,1,0,2,2
MABA,ST6,Inst,1,8.5,1,2,3,0,0,0,0,2,3
PNST,ST6,Inst,1,19.5,2,3,3,1,1,0,1,5,2
VIOP,ST6,Inst,1,3,1,3,2,3,0,1,0,1,1
ACPL,ST7,Inst,1,13.5,2,3,3,0,1,1,0,1,2
ACPL,ST9,Inst,2,13.5,2,3,3,0,1,1,0,1,2
JUVI,ST9,Inst,2,13.7,1,1,5,1,1,1,1,5,3
LOXY,ST9,Inst,1,3.4,2,3,3,3,0,1,1,2,1
MABA,ST9,Inst,1,8.5,1,2,3,0,0,0,0,2,3
ACNE,STL1,Inst,1,12,2,4,4,0,1,1,0,3,3
ACSA,STL1,Inst,2,18,2,4,3,0,1,1,0,1,2
ACSA,STL10,Inst,1,18,2,4,3,0,1,1,0,1,2
FRPE,STL10,Inst,1,16.5,2,3,4,0,1,1,0,3,2
GLTR,STL10,Inst,1,15,2,2,5,0,1,0,0,3,3
GLTR,STL11,Inst,3,15,2,2,5,0,1,0,0,3,3
GLTR,STL12,Inst,1,15,2,2,5,0,1,0,0,3,3
ACPL,STL13,Inst,1,13.5,2,3,3,0,1,1,0,1,2
THOC,STL13,Inst,10,15,0,4,3,1,1,1,1,5,3
ACNE,STL14,Inst,1,12,2,4,4,0,1,1,0,3,3
ACSA,STL14,Inst,2,18,2,4,3,0,1,1,0,1,2
ACSA,STL2,Inst,1,18,2,4,3,0,1,1,0,1,2
GLTR,STL2,Inst,1,15,2,2,5,0,1,0,0,3,3
TICO,STL2,Inst,1,19.5,1,5,3,1,0,1,0,2,2
ACPL,STL4,Inst,1,13.5,2,3,3,0,1,1,0,1,2
GLTR,STL4,Inst,1,15,2,2,5,0,1,0,0,3,3
THOC,STL4,Inst,13,15,0,4,3,1,1,1,1,5,3
TIAM,STL4,Inst,1,21,1,4,3,0,0,1,0,2,2
ACPL,STL5,Inst,2,13.5,2,3,3,0,1,1,0,1,2
ACSA,STL5,Inst,1,18,2,4,3,0,1,1,0,1,2
ACPL,STL6,Inst,2,13.5,2,3,3,0,1,1,0,1,2
THOC,STL6,Inst,7,15,0,4,3,1,1,1,1,5,3
ACPL,STL7,Inst,3,13.5,2,3,3,0,1,1,0,1,2
GLTR,STL7,Inst,1,15,2,2,5,0,1,0,0,3,3
FRPE,STL8,Inst,2,16.5,2,3,4,0,1,1,0,3,2
MABA,STL8,Inst,1,8.5,1,2,3,0,0,0,0,2,3
GLTR,STL9,Inst,4,15,2,2,5,0,1,0,0,3,3
ACSA,T1,Park,3,18,2,4,3,0,1,1,0,1,2
TICO,T10,Park,1,19.5,1,5,3,1,0,1,0,2,2
ACSA,T103,Park,2,18,2,4,3,0,1,1,0,1,2
SYRE,T103,Park,1,7.5,1,2,3,0,0,1,1,2,1
ACPL,T104,Park,1,13.5,2,3,3,0,1,1,0,1,2
ACPL,T107,Park,3,13.5,2,3,3,0,1,1,0,1,2
ACSA,T107,Park,1,18,2,4,3,0,1,1,0,1,2
ACPL,T110,Park,5,13.5,2,3,3,0,1,1,0,1,2
ACPL,T111,Park,1,13.5,2,3,3,0,1,1,0,1,2
TICO,T111,Park,1,19.5,1,5,3,1,0,1,0,2,2
TICO,T112,Park,1,19.5,1,5,3,1,0,1,0,2,2
ACSA,T113,Park,2,18,2,4,3,0,1,1,0,1,2
TICO,T113,Park,1,19.5,1,5,3,1,0,1,0,2,2
ACPL,T114,Park,1,13.5,2,3,3,0,1,1,0,1,2
ACSC,T114,Park,1,20.5,1,5,3,0,1,1,0,1,2
ACPL,T115,Park,2,13.5,2,3,3,0,1,1,0,1,2
TICO,T115,Park,3,19.5,1,5,3,1,0,1,0,2,2
ACSA,T116,Park,1,18,2,4,3,0,1,1,0,1,2
ACPL,T118,Park,3,13.5,2,3,3,0,1,1,0,1,2
ACPL,T14,Park,1,13.5,2,3,3,0,1,1,0,1,2
ACPL,T16,Park,2,13.5,2,3,3,0,1,1,0,1,2
MABA,T16,Park,1,8.5,1,2,3,0,0,0,0,2,3
ACPL,T18,Park,1,13.5,2,3,3,0,1,1,0,1,2
TICO,T21,Park,2,19.5,1,5,3,1,0,1,0,2,2
ACSA,T22,Park,4,18,2,4,3,0,1,1,0,1,2
ACSA,T23,Park,2,18,2,4,3,0,1,1,0,1,2
ACSA,T24,Park,1,18,2,4,3,0,1,1,0,1,2
JUNI,T24,Park,1,19,1,2,3,0,1,0,1,3,2
QUMA,T24,Park,1,22.5,1,3,4,0,1,1,0,1,2
TIAM,T24,Park,1,21,1,4,3,0,0,1,0,2,2
ACPL,T26,Park,1,13.5,2,3,3,0,1,1,0,1,2
ACSA,T26,Park,2,18,2,4,3,0,1,1,0,1,2
ACPL,T28,Park,2,13.5,2,3,3,0,1,1,0,1,2
ACRU,T28,Park,1,15,2,4,2,0,0,1,0,1,3
ACSA,T28,Park,1,18,2,4,3,0,1,1,0,1,2
GLTR,T3,Park,2,15,2,2,5,0,1,0,0,3,3
SYRE,T3,Park,1,7.5,1,2,3,0,0,1,1,2,1
TICO,T30,Park,2,19.5,1,5,3,1,0,1,0,2,2
ACRU,T31,Park,1,15,2,4,2,0,0,1,0,1,3
ACSA,T31,Park,2,18,2,4,3,0,1,1,0,1,2
ACNE,T32,Park,1,12,2,4,4,0,1,1,0,3,3
QUMA,T32,Park,1,22.5,1,3,4,0,1,1,0,1,2
ACPL,T33,Park,1,13.5,2,3,3,0,1,1,0,1,2
ULXXHO,T33,Park,2,18.3,2,2,3,0,1,1,0,2,2
ACSA,T34,Park,3,18,2,4,3,0,1,1,0,1,2
ACPL,T35,Park,1,13.5,2,3,3,0,1,1,0,1,2
ACSA,T35,Park,2,18,2,4,3,0,1,1,0,1,2
GYDI,T35,Park,1,20.5,1,3,4,0,1,1,0,3,3
ACRU,T36,Park,1,15,2,4,2,0,0,1,0,1,3
ACPL,T38,Park,3,13.5,2,3,3,0,1,1,0,1,2
BENI,T38,Park,1,16.5,2,2,2,0,1,1,1,2,3
ACPL,T39,Park,2,13.5,2,3,3,0,1,1,0,1,2
ACPL,T4,Park,3,13.5,2,3,3,0,1,1,0,1,2
ACSA,T4,Park,1,18,2,4,3,0,1,1,0,1,2
ACSA,T40,Park,4,18,2,4,3,0,1,1,0,1,2
ACPL,T41,Park,2,13.5,2,3,3,0,1,1,0,1,2
ACPL,T42,Park,1,13.5,2,3,3,0,1,1,0,1,2
ACPL,T43,Park,1,13.5,2,3,3,0,1,1,0,1,2
ACSA,T43,Park,2,18,2,4,3,0,1,1,0,1,2
PNRE,T44,Park,1,19.5,1,2,3,0,1,1,1,5,3
ACPL,T45,Park,3,13.5,2,3,3,0,1,1,0,1,2
ACSA,T45,Park,2,18,2,4,3,0,1,1,0,1,2
ACPL,T46,Park,2,13.5,2,3,3,0,1,1,0,1,2
ACSA,T47,Park,1,18,2,4,3,0,1,1,0,1,2
ACPL,T48,Park,5,13.5,2,3,3,0,1,1,0,1,2
ACPL,T49,Park,3,13.5,2,3,3,0,1,1,0,1,2
ACPL,T5,Park,4,13.5,2,3,3,0,1,1,0,1,2
ACFR,T50,Park,1,15,2,2,3,1,1,1,0,1,2
ACSA,T50,Park,3,18,2,4,3,0,1,1,0,1,2
ACPL,T51,Park,3,13.5,2,3,3,0,1,1,0,1,2
ACSA,T53,Park,1,18,2,4,3,0,1,1,0,1,2
QUMA,T54,Park,1,22.5,1,3,4,0,1,1,0,1,2
ACSA,T56,Park,2,18,2,4,3,0,1,1,0,1,2
ACPL,T57,Park,2,13.5,2,3,3,0,1,1,0,1,2
ACSA,T57,Park,2,18,2,4,3,0,1,1,0,1,2
ACPL,T59,Park,1,13.5,2,3,3,0,1,1,0,1,2
ACSC,T59,Park,1,20.5,1,5,3,0,1,1,0,1,2
ACPL,T60,Park,1,13.5,2,3,3,0,1,1,0,1,2
SYRE,T60,Park,1,7.5,1,2,3,0,0,1,1,2,1
ACPL,T63,Park,1,13.5,2,3,3,0,1,1,0,1,2
ACSA,T63,Park,1,18,2,4,3,0,1,1,0,1,2
SYRE,T63,Park,1,7.5,1,2,3,0,0,1,1,2,1
ACSA,T64,Park,4,18,2,4,3,0,1,1,0,1,2
ACPL,T65,Park,1,13.5,2,3,3,0,1,1,0,1,2
ACPL,T66,Park,2,13.5,2,3,3,0,1,1,0,1,2
ACSA,T67,Park,1,18,2,4,3,0,1,1,0,1,2
GYDI,T67,Park,1,20.5,1,3,4,0,1,1,0,3,3
ACSA,T68,Park,1,18,2,4,3,0,1,1,0,1,2
ACSA,T69,Park,1,18,2,4,3,0,1,1,0,1,2
ACPL,T7,Park,2,13.5,2,3,3,0,1,1,0,1,2
ACSA,T7,Park,1,18,2,4,3,0,1,1,0,1,2
TICO,T7,Park,1,19.5,1,5,3,1,0,1,0,2,2
ACRU,T70,Park,2,15,2,4,2,0,0,1,0,1,3
ACSA,T70,Park,3,18,2,4,3,0,1,1,0,1,2
BEAL,T70,Park,1,20.5,1,3,3,0,1,1,0,2,3
PNRE,T70,Park,1,19.5,1,2,3,0,1,1,1,5,3
ACPL,T72,Park,1,13.5,2,3,3,0,1,1,0,1,2
ACSA,T72,Park,1,18,2,4,3,0,1,1,0,1,2
ACPL,T73,Park,5,13.5,2,3,3,0,1,1,0,1,2
ACGI,T74,Park,1,4.5,1,3,3,0,1,1,0,1,3
ACPL,T74,Park,1,13.5,2,3,3,0,1,1,0,1,2
ACSA,T74,Park,1,18,2,4,3,0,1,1,0,1,2
ACPL,T76,Park,1,13.5,2,3,3,0,1,1,0,1,2
ACSA,T76,Park,3,18,2,4,3,0,1,1,0,1,2
ACSA,T77,Park,1,18,2,4,3,0,1,1,0,1,2
SYRE,T77,Park,3,7.5,1,2,3,0,0,1,1,2,1
ACPL,T78,Park,1,13.5,2,3,3,0,1,1,0,1,2
ACSA,T78,Park,1,18,2,4,3,0,1,1,0,1,2
AEHI,T78,Park,1,19,1,4,3,0,0,1,0,4,3
ACSA,T79,Park,2,18,2,4,3,0,1,1,0,1,2
ULXXHO,T81,Park,2,18.3,2,2,3,0,1,1,0,2,2
ACPL,T82,Park,2,13.5,2,3,3,0,1,1,0,1,2
ACPL,T85,Park,1,13.5,2,3,3,0,1,1,0,1,2
ACSA,T85,Park,1,18,2,4,3,0,1,1,0,1,2
ACPL,T86,Park,1,13.5,2,3,3,0,1,1,0,1,2
ACSA,T86,Park,6,18,2,4,3,0,1,1,0,1,2
ACPL,T87,Park,3,13.5,2,3,3,0,1,1,0,1,2
ACSA,T87,Park,1,18,2,4,3,0,1,1,0,1,2
ACFR,T88,Park,1,15,2,2,3,1,1,1,0,1,2
ACPL,T88,Park,2,13.5,2,3,3,0,1,1,0,1,2
ACSA,T91,Park,1,18,2,4,3,0,1,1,0,1,2
PIAB,T91,Park,1,15,0,5,2,1,1,1,1,5,3
ACPL,T92,Park,1,13.5,2,3,3,0,1,1,0,1,2
ACSA,T92,Park,1,18,2,4,3,0,1,1,0,1,2
ACPL,T94,Park,4,13.5,2,3,3,0,1,1,0,1,2
ACSA,T94,Park,1,18,2,4,3,0,1,1,0,1,2
ACSA,T95,Park,2,18,2,4,3,0,1,1,0,1,2
ULXXHO,T95,Park,1,18.3,2,2,3,0,1,1,0,2,2
ACSA,T97,Park,2,18,2,4,3,0,1,1,0,1,2
ACPL,T98,Park,2,13.5,2,3,3,0,1,1,0,1,2
ACSA,T98,Park,1,18,2,4,3,0,1,1,0,1,2
TICO,T98,Park,1,19.5,1,5,3,1,0,1,0,2,2
ACPL,T99,Park,5,13.5,2,3,3,0,1,1,0,1,2
MABA,T99,Park,1,8.5,1,2,3,0,0,0,0,2,3
ACPL,W10,Park,2,13.5,2,3,3,0,1,1,0,1,2
ULMI,W10,Park,2,24.3,2,3,3,0,1,1,0,2,2
ULXXFR,W10,Park,3,12.2,1,4,4,4,1,1,0,2,2
GLTR,W11,Park,1,15,2,2,5,0,1,0,0,3,3
TITO,W11,Park,2,18,2,4,3,0,0,1,0,2,2
ACSA,W12,Park,1,18,2,4,3,0,1,1,0,1,2
HYPA,W12,Park,1,4.6,2,2,3,3,0,1,1,2,1
PIRU,W12,Park,1,19.5,0,5,3,1,1,1,1,5,3
ACPL,W13,Park,1,13.5,2,3,3,0,1,1,0,1,2
ACSA,W13,Park,1,18,2,4,3,0,1,1,0,1,2
CEOC,W13,Park,1,15,2,3,4,0,1,0,0,2,2
PIGL,W13,Park,1,15,1,5,3,1,1,1,1,5,3
TICO,W13,Park,1,19.5,1,5,3,1,0,1,0,2,2
ACSA,W14,Park,2,18,2,4,3,0,1,1,0,1,2
GLTR,W14,Park,1,15,2,2,5,0,1,0,0,3,3
TITO,W14,Park,1,18,2,4,3,0,0,1,0,2,2
ULMI,W14,Park,2,24.3,2,3,3,0,1,1,0,2,2
ACSA,W15,Park,2,18,2,4,3,0,1,1,0,1,2
ACPL,W16,Park,4,13.5,2,3,3,0,1,1,0,1,2
ACNE,W17,Park,1,12,2,4,4,0,1,1,0,3,3
ACSA,W17,Park,1,18,2,4,3,0,1,1,0,1,2
CEOC,W17,Park,3,15,2,3,4,0,1,0,0,2,2
ACPL,W18,Park,1,13.5,2,3,3,0,1,1,0,1,2
ACSA,W18,Park,1,18,2,4,3,0,1,1,0,1,2
PIGL,W18,Park,1,15,1,5,3,1,1,1,1,5,3
TICO,W18,Park,1,19.5,1,5,3,1,0,1,0,2,2
GLTR,W19,Park,1,15,2,2,5,0,1,0,0,3,3
ULXXFR,W19,Park,1,12.2,1,4,4,4,1,1,0,2,2
ACPL,W2,Park,3,13.5,2,3,3,0,1,1,0,1,2
PYCA,W2,Park,1,12,2,2,5,1,0,0,0,2,2
SYRE,W20,Park,2,7.5,1,2,3,0,0,1,1,2,1
ACPL,W21,Park,4,13.5,2,3,3,0,1,1,0,1,2
BENI,W21,Park,2,16.5,2,2,2,0,1,1,1,2,3
ACPL,W22,Park,5,13.5,2,3,3,0,1,1,0,1,2
PIRU,W22,Park,2,19.5,0,5,3,1,1,1,1,5,3
SYVU,W22,Park,1,3.5,1,3,3,3,0,1,0,2,1
TICO,W23,Park,1,19.5,1,5,3,1,0,1,0,2,2
ACPL,W24,Park,1,13.5,2,3,3,0,1,1,0,1,2
ACSA,W24,Park,2,18,2,4,3,0,1,1,0,1,2
CEOC,W24,Park,1,15,2,3,4,0,1,0,0,2,2
MABA,W24,Park,1,8.5,1,2,3,0,0,0,0,2,3
TICO,W24,Park,1,19.5,1,5,3,1,0,1,0,2,2
ACPL,W25,Park,1,13.5,2,3,3,0,1,1,0,1,2
CEOC,W25,Park,2,15,2,3,4,0,1,0,0,2,2
ACFR,W27,Park,1,15,2,2,3,1,1,1,0,1,2
ACSA,W27,Park,1,18,2,4,3,0,1,1,0,1,2
TICO,W27,Park,2,19.5,1,5,3,1,0,1,0,2,2
ACSA,W28,Park,3,18,2,4,3,0,1,1,0,1,2
MABA,W28,Park,2,8.5,1,2,3,0,0,0,0,2,3
GLTR,W29,Park,2,15,2,2,5,0,1,0,0,3,3
TICO,W29,Park,2,19.5,1,5,3,1,0,1,0,2,2
ACSA,W3,Park,1,18,2,4,3,0,1,1,0,1,2
TICO,W30,Park,1,19.5,1,5,3,1,0,1,0,2,2
ACSA,W31,Park,1,18,2,4,3,0,1,1,0,1,2
HYPA,W31,Park,1,4.6,2,2,3,3,0,1,1,2,1
ACFR,W32,Park,1,15,2,2,3,1,1,1,0,1,2
TICO,W32,Park,4,19.5,1,5,3,1,0,1,0,2,2
BENI,W33,Park,2,16.5,2,2,2,0,1,1,1,2,3
MABA,W33,Park,1,8.5,1,2,3,0,0,0,0,2,3
AMCA,W5,Park,1,4,1,3,3,4,0,0,0,2,1
CEOC,W5,Park,1,15,2,3,4,0,1,0,0,2,2
ACPL,W6,Park,1,13.5,2,3,3,0,1,1,0,1,2
ACSA,W6,Park,1,18,2,4,3,0,1,1,0,1,2
TICO,W6,Park,1,19.5,1,5,3,1,0,1,0,2,2
TICO,W8,Park,4,19.5,1,5,3,1,0,1,0,2,2
TICO,W9,Park,3,19.5,1,5,3,1,0,1,0,2,2
GLTR,WI1,Inst,2,15,2,2,5,0,1,0,0,3,3
GLTR,WI3,Inst,3,15,2,2,5,0,1,0,0,3,3
GLTR,WI8,Inst,1,15,2,2,5,0,1,0,0,3,3
MABA,WI8,Inst,2,8.5,1,2,3,0,0,0,0,2,3
ACPL,Y1,Private,3,13.5,2,3,3,0,1,1,0,1,2
SYVU,Y1,Private,2,3.5,1,3,3,3,0,1,0,2,1
THOC,Y1,Private,18,15,0,4,3,1,1,1,1,5,3
MADO,Y10,Private,1,7,2,2,3,0,0,0,0,2,3
PYCO,Y10,Private,1,8.3,2,3,3,0,0,0,0,2,2
SYVU,Y10,Private,1,3.5,1,3,3,3,0,1,0,2,1
ULAM,Y10,Private,1,21,2,3,4,0,1,1,0,2,3
ABBA,Y11,Private,1,18.5,0,5,1,1,1,1,1,5,3
BENI,Y11,Private,1,16.5,2,2,2,0,1,1,1,2,3
LITU,Y11,Private,1,24,1,2,3,0,0,1,0,1,2
PIAB,Y11,Private,1,15,0,5,2,1,1,1,1,5,3
PIGL,Y11,Private,1,15,1,5,3,1,1,1,1,5,3
PRAV,Y11,Private,1,10.7,2,3,3,0,0,0,0,2,1
QUAL,Y11,Private,1,19.5,0,3,4,1,1,1,0,1,3
SADI,Y11,Private,1,2.9,2,2,2,3,0,1,1,2,1
THOC,Y11,Private,2,15,0,4,3,1,1,1,1,5,3
ACPL,Y12,Private,1,13.5,2,3,3,0,1,1,0,1,2
AMLA,Y12,Private,1,6.5,1,3,3,4,0,0,0,2,2
SYVU,Y12,Private,3,3.5,1,3,3,3,0,1,0,2,1
TACA,Y12,Private,4,1.4,0,4,3,3,1,1,1,5,3
THOC,Y12,Private,1,15,0,4,3,1,1,1,1,5,3
CHNO,Y13,Private,1,22.9,1,4,2,1,1,1,1,5,2
CTCO,Y13,Private,1,3.8,1,2,4,3,0,1,0,2,3
LIAM,Y13,Private,1,2.4,2,3,4,3,0,1,0,2,1
RHTY,Y13,Private,2,6.5,2,2,4,3,1,0,0,3,1
SYVU,Y13,Private,1,3.5,1,3,3,3,0,1,0,2,1
THOC,Y13,Private,6,15,0,4,3,1,1,1,1,5,3
ACNE,Y14,Private,1,12,2,4,4,0,1,1,0,3,3
ACSA,Y15,Private,1,18,2,4,3,0,1,1,0,1,2
HYPA,Y15,Private,1,4.6,2,2,3,3,0,1,1,2,1
SYVU,Y15,Private,1,3.5,1,3,3,3,0,1,0,2,1
THOC,Y15,Private,4,15,0,4,3,1,1,1,1,5,3
ACFR,Y16,Private,1,15,2,2,3,1,1,1,0,1,2
ACPL,Y16,Private,1,13.5,2,3,3,0,1,1,0,1,2
PIPU,Y16,Private,1,13.5,0,3,3,1,1,1,1,5,3
QUMA,Y16,Private,1,22.5,1,3,4,0,1,1,0,1,2
ACFR,Y17,Private,1,15,2,2,3,1,1,1,0,1,2
ACPL,Y17,Private,2,13.5,2,3,3,0,1,1,0,1,2
PHCO,Y17,Private,1,3.4,2,3,3,3,0,1,1,2,3
PIAB,Y17,Private,5,15,0,5,2,1,1,1,1,5,3
FRPE,Y18,Private,2,16.5,2,3,4,0,1,1,0,3,2
ULAM,Y18,Private,1,21,2,3,4,0,1,1,0,2,3
CTCO,Y19,Private,1,3.8,1,2,4,3,0,1,0,2,3
MGXXSO,Y19,Private,1,7.6,1,3,2,3,0,1,1,2,1
PIAB,Y19,Private,1,15,0,5,2,1,1,1,1,5,3
THOC,Y19,Private,2,15,0,4,3,1,1,1,1,5,3
ACNE,Y2,Private,1,12,2,4,4,0,1,1,0,3,3
ACPL,Y2,Private,2,13.5,2,3,3,0,1,1,0,1,2
THOC,Y2,Private,1,15,0,4,3,1,1,1,1,5,3
EUAL,Y20,Private,1,5.3,0,4,4,3,1,1,0,2,1
PIRU,Y20,Private,1,19.5,0,5,3,1,1,1,1,5,3
PNST,Y20,Private,1,19.5,2,3,3,1,1,0,1,5,2
THOC,Y20,Private,2,15,0,4,3,1,1,1,1,5,3
ACPA,Y21,Private,1,6.5,0,5,2,0,1,1,0,1,1
BEPA,Y21,Private,1,18,1,2,2,0,0,1,0,2,1
PIAB,Y22,Private,1,15,0,5,2,1,1,1,1,5,3
THOC,Y22,Private,2,15,0,4,3,1,1,1,1,5,3
ACPA,Y23,Private,1,6.5,0,5,2,0,1,1,0,1,1
BEPA,Y23,Private,1,18,1,2,2,0,0,1,0,2,1
PIRU,Y23,Private,1,19.5,0,5,3,1,1,1,1,5,3
THOC,Y23,Private,2,15,0,4,3,1,1,1,1,5,3
ACRU,Y24,Private,3,15,2,4,2,0,0,1,0,1,3
ACSA,Y24,Private,3,18,2,4,3,0,1,1,0,1,2
CAAB,Y24,Private,1,17.5,1,2,4,3,0,1,1,2,1
CTCO,Y24,Private,1,3.8,1,2,4,3,0,1,0,2,3
PIAB,Y24,Private,1,15,0,5,2,1,1,1,1,5,3
PRPA,Y24,Private,1,10.7,2,3,2,0,0,0,0,2,1
PRVISC,Y24,Private,1,7.6,2,3,3,0,0,0,0,2,1
THOC,Y24,Private,11,15,0,4,3,1,1,1,1,5,3
ACNE,Y25,Private,1,12,2,4,4,0,1,1,0,3,3
CEOC,Y25,Private,1,15,2,3,4,0,1,0,0,2,2
SYRE,Y25,Private,1,7.5,1,2,3,0,0,1,1,2,1
THOC,Y26,Private,2,15,0,4,3,1,1,1,1,5,3
AMCA,Y27,Private,1,4,1,3,3,4,0,0,0,2,1
PIPU,Y27,Private,2,13.5,0,3,3,1,1,1,1,5,3
PRCR,Y27,Private,1,9,1,3,3,0,0,0,0,2,2
SYVU,Y27,Private,1,3.5,1,3,3,3,0,1,0,2,1
ACPL,Y28,Private,4,13.5,2,3,3,0,1,1,0,1,2
ACSA,Y28,Private,1,18,2,4,3,0,1,1,0,1,2
FRAM,Y28,Private,1,19.5,2,2,3,0,1,1,0,3,2
PIGL,Y28,Private,1,15,1,5,3,1,1,1,1,5,3
TACA,Y28,Private,1,1.4,0,4,3,3,1,1,1,5,3
JUCO,Y29,Private,1,2.3,0,2,4,3,1,0,1,5,3
MGXXSN,Y29,Private,1,6.8,0,3,2,1,0,1,1,2,1
PIRU,Y29,Private,1,19.5,0,5,3,1,1,1,1,5,3
RHTY,Y29,Private,1,6.5,2,2,4,3,1,0,0,3,1
TACA,Y29,Private,2,1.4,0,4,3,3,1,1,1,5,3
THOC,Y29,Private,3,15,0,4,3,1,1,1,1,5,3
PRVI,Y3,Private,1,8.5,1,3,3,0,0,0,0,2,1
QURO,Y3,Private,1,15,1,2,3,0,1,1,0,1,2
SYRE,Y3,Private,1,7.5,1,2,3,0,0,1,1,2,1
THOC,Y3,Private,1,15,0,4,3,1,1,1,1,5,3
MOAL,Y30,Private,1,12,2,2,3,0,1,0,0,1,2
ACPL,Y31,Private,6,13.5,2,3,3,0,1,1,0,1,2
MASY,Y32,Private,1,10,2,2,3,0,0,0,0,2,3
SYVU,Y32,Private,1,3.5,1,3,3,3,0,1,0,2,1
THOC,Y32,Private,5,15,0,4,3,1,1,1,1,5,3
ACPL,Y33,Private,1,13.5,2,3,3,0,1,1,0,1,2
ACSA,Y33,Private,3,18,2,4,3,0,1,1,0,1,2
ACSC,Y33,Private,1,20.5,1,5,3,0,1,1,0,1,2
PIPU,Y33,Private,2,13.5,0,3,3,1,1,1,1,5,3
SYRE,Y33,Private,1,7.5,1,2,3,0,0,1,1,2,1
TACA,Y33,Private,1,1.4,0,4,3,3,1,1,1,5,3
THOC,Y33,Private,3,15,0,4,3,1,1,1,1,5,3
ACSA,Y34,Private,1,18,2,4,3,0,1,1,0,1,2
THOC,Y34,Private,2,15,0,4,3,1,1,1,1,5,3
ACNE,Y35,Private,1,12,2,4,4,0,1,1,0,3,3
ACPL,Y35,Private,1,13.5,2,3,3,0,1,1,0,1,2
EUAL,Y35,Private,1,5.3,0,4,4,3,1,1,0,2,1
JURE,Y35,Private,1,15.2,1,2,3,0,1,0,1,3,2
PIAB,Y35,Private,1,15,0,5,2,1,1,1,1,5,3
AMGR,Y36,Private,1,6.5,0,3,3,4,0,0,0,2,1
FRPE,Y36,Private,2,16.5,2,3,4,0,1,1,0,3,2
PIRU,Y36,Private,1,19.5,0,5,3,1,1,1,1,5,3
ACNE,Y37,Private,1,12,2,4,4,0,1,1,0,3,3
TACA,Y37,Private,1,1.4,0,4,3,3,1,1,1,5,3
ACNE,Y4,Private,2,12,2,4,4,0,1,1,0,3,3
ACPA,Y4,Private,1,6.5,0,5,2,0,1,1,0,1,1
PHCO,Y4,Private,1,3.4,2,3,3,3,0,1,1,2,3
ACPL,Y40,Private,1,13.5,2,3,3,0,1,1,0,1,2
AMCA,Y40,Private,1,4,1,3,3,4,0,0,0,2,1
CEOC,Y40,Private,1,15,2,3,4,0,1,0,0,2,2
FRAM,Y40,Private,1,19.5,2,2,3,0,1,1,0,3,2
MASY,Y40,Private,1,10,2,2,3,0,0,0,0,2,3
PIGL,Y40,Private,1,15,1,5,3,1,1,1,1,5,3
PIPU,Y40,Private,1,13.5,0,3,3,1,1,1,1,5,3
PIRU,Y40,Private,1,19.5,0,5,3,1,1,1,1,5,3
SYRE,Y40,Private,1,7.5,1,2,3,0,0,1,1,2,1
TACA,Y40,Private,1,1.4,0,4,3,3,1,1,1,5,3
THOC,Y40,Private,19,15,0,4,3,1,1,1,1,5,3
ULPU,Y40,Private,1,18,2,3,4,0,1,1,0,2,2
ACSA,Y42,Private,1,18,2,4,3,0,1,1,0,1,2
ROPS,Y42,Private,1,12,2,1,5,0,0,1,0,3,2
PIGL,Y43,Private,1,15,1,5,3,1,1,1,1,5,3
ULAM,Y43,Private,1,21,2,3,4,0,1,1,0,2,3
ULPU,Y43,Private,1,18,2,3,4,0,1,1,0,2,2
PIRU,Y44,Private,1,19.5,0,5,3,1,1,1,1,5,3
QUBI,Y44,Private,1,16.5,1,3,4,0,1,1,0,1,3
TACA,Y44,Private,1,1.4,0,4,3,3,1,1,1,5,3
ACPL,Y45,Private,3,13.5,2,3,3,0,1,1,0,1,2
LOXY,Y45,Private,1,3.4,2,3,3,3,0,1,1,2,1
ABBA,Y46,Private,1,18.5,0,5,1,1,1,1,1,5,3
ACNE,Y46,Private,1,12,2,4,4,0,1,1,0,3,3
ACPA,Y46,Private,1,6.5,0,5,2,0,1,1,0,1,1
ACPL,Y46,Private,11,13.5,2,3,3,0,1,1,0,1,2
FRPE,Y46,Private,1,16.5,2,3,4,0,1,1,0,3,2
JUVI,Y46,Private,1,13.7,1,1,5,1,1,1,1,5,3
PIRU,Y46,Private,1,19.5,0,5,3,1,1,1,1,5,3
THOC,Y46,Private,24,15,0,4,3,1,1,1,1,5,3
ULXXFR,Y46,Private,1,12.2,1,4,4,4,1,1,0,2,2
MADO,Y47,Private,2,7,2,2,3,0,0,0,0,2,3
THOC,Y47,Private,11,15,0,4,3,1,1,1,1,5,3
ACNE,Y48,Private,3,12,2,4,4,0,1,1,0,3,3
SYVU,Y48,Private,3,3.5,1,3,3,3,0,1,0,2,1
TIAM,Y48,Private,1,21,1,4,3,0,0,1,0,2,2
SYVU,Y49,Private,1,3.5,1,3,3,3,0,1,0,2,1
ABBA,Y5,Private,2,18.5,0,5,1,1,1,1,1,5,3
ACPL,Y5,Private,1,13.5,2,3,3,0,1,1,0,1,2
AMCA,Y5,Private,1,4,1,3,3,4,0,0,0,2,1
BEPO,Y5,Private,1,9,1,2,3,1,1,1,0,2,1
EUAT,Y5,Private,1,4.9,1,3,3,3,0,1,0,2,1
PNST,Y5,Private,1,19.5,2,3,3,1,1,0,1,5,2
THOC,Y5,Private,2,15,0,4,3,1,1,1,1,5,3
ACGI,Y50,Private,1,4.5,1,3,3,0,1,1,0,1,3
CACO,Y50,Private,2,7.5,0,2,4,0,1,1,0,3,3
CEOC,Y50,Private,2,15,2,3,4,0,1,0,0,2,2
HYPA,Y50,Private,1,4.6,2,2,3,3,0,1,1,2,1
THOC,Y50,Private,2,15,0,4,3,1,1,1,1,5,3
ACPA,Y51,Private,1,6.5,0,5,2,0,1,1,0,1,1
TACA,Y51,Private,5,1.4,0,4,3,3,1,1,1,5,3
THOC,Y51,Private,1,15,0,4,3,1,1,1,1,5,3
PIAB,Y52,Private,1,15,0,5,2,1,1,1,1,5,3
PNST,Y52,Private,1,19.5,2,3,3,1,1,0,1,5,2
ACPL,Y53,Private,1,13.5,2,3,3,0,1,1,0,1,2
SYVU,Y53,Private,1,3.5,1,3,3,3,0,1,0,2,1
BEAL,Y54,Private,2,20.5,1,3,3,0,1,1,0,2,3
CTCO,Y54,Private,2,3.8,1,2,4,3,0,1,0,2,3
EUAL,Y54,Private,2,5.3,0,4,4,3,1,1,0,2,1
FAGR,Y54,Private,1,18,1,5,2,0,1,0,0,2,1
MOAL,Y54,Private,1,12,2,2,3,0,1,0,0,1,2
PIAB,Y54,Private,1,15,0,5,2,1,1,1,1,5,3
PIMA,Y54,Private,1,12,0,4,2,1,1,1,1,5,3
PIRU,Y54,Private,1,19.5,0,5,3,1,1,1,1,5,3
RHCA,Y54,Private,1,6.5,1,2,4,3,1,1,0,2,1
SOAU,Y54,Private,1,9,1,3,3,3,0,0,0,3,1
SYVU,Y54,Private,4,3.5,1,3,3,3,0,1,0,2,1
TACA,Y54,Private,1,1.4,0,4,3,3,1,1,1,5,3
THOC,Y54,Private,1,15,0,4,3,1,1,1,1,5,3
VILE,Y54,Private,1,5,1,4,2,3,0,1,0,2,1
WEFL,Y54,Private,1,2.3,1,3,4,3,0,1,1,2,1
FASY,Y55,Private,1,16.5,1,5,3,0,1,0,0,2,1
LALA,Y55,Private,1,12,2,1,2,1,1,1,0,5,3
PNST,Y55,Private,1,19.5,2,3,3,1,1,0,1,5,2
PRVISC,Y55,Private,1,7.6,2,3,3,0,0,0,0,2,1
TACA,Y55,Private,1,1.4,0,4,3,3,1,1,1,5,3
THOC,Y55,Private,1,15,0,4,3,1,1,1,1,5,3
TSCA,Y55,Private,1,16.5,0,5,1,1,1,1,1,5,2
ACNE,Y56,Private,1,12,2,4,4,0,1,1,0,3,3
ACPL,Y56,Private,1,13.5,2,3,3,0,1,1,0,1,2
TIAM,Y56,Private,1,21,1,4,3,0,0,1,0,2,2
MGXXSO,Y57,Private,1,7.6,1,3,2,3,0,1,1,2,1
PRAV,Y57,Private,1,10.7,2,3,3,0,0,0,0,2,1
SYVU,Y57,Private,1,3.5,1,3,3,3,0,1,0,2,1
ACPL,Y58,Private,1,13.5,2,3,3,0,1,1,0,1,2
LOXY,Y58,Private,2,3.4,2,3,3,3,0,1,1,2,1
SYVU,Y58,Private,1,3.5,1,3,3,3,0,1,0,2,1
ACGI,Y59,Private,1,4.5,1,3,3,0,1,1,0,1,3
SYVU,Y6,Private,2,3.5,1,3,3,3,0,1,0,2,1
THOC,Y6,Private,8,15,0,4,3,1,1,1,1,5,3
AEHI,Y60,Private,1,19,1,4,3,0,0,1,0,4,3
MABA,Y60,Private,1,8.5,1,2,3,0,0,0,0,2,3
SYVU,Y60,Private,1,3.5,1,3,3,3,0,1,0,2,1
TACA,Y60,Private,1,1.4,0,4,3,3,1,1,1,5,3
THOC,Y60,Private,10,15,0,4,3,1,1,1,1,5,3
EUAL,Y61,Private,2,5.3,0,4,4,3,1,1,0,2,1
MABA,Y61,Private,1,8.5,1,2,3,0,0,0,0,2,3
MOAL,Y61,Private,1,12,2,2,3,0,1,0,0,1,2
PRCR,Y61,Private,1,9,1,3,3,0,0,0,0,2,2
SANI,Y61,Private,1,4.6,2,2,3,3,0,1,0,3,1
THOC,Y61,Private,5,15,0,4,3,1,1,1,1,5,3
WEFL,Y61,Private,1,2.3,1,3,4,3,0,1,1,2,1
ACNE,Y62,Private,4,12,2,4,4,0,1,1,0,3,3
ACPA,Y62,Private,3,6.5,0,5,2,0,1,1,0,1,1
ACPL,Y62,Private,5,13.5,2,3,3,0,1,1,0,1,2
RHCA,Y62,Private,1,6.5,1,2,4,3,1,1,0,2,1
SYVU,Y62,Private,3,3.5,1,3,3,3,0,1,0,2,1
ULAM,Y62,Private,1,21,2,3,4,0,1,1,0,2,3
ACPL,Y63,Private,1,13.5,2,3,3,0,1,1,0,1,2
PRSE,Y63,Private,1,16.5,2,2,3,0,0,0,0,2,3
THOC,Y63,Private,4,15,0,4,3,1,1,1,1,5,3
PIGL,Y64,Private,2,15,1,5,3,1,1,1,1,5,3
SYVU,Y64,Private,1,3.5,1,3,3,3,0,1,0,2,1
TACA,Y64,Private,1,1.4,0,4,3,3,1,1,1,5,3
ACPL,Y65,Private,1,13.5,2,3,3,0,1,1,0,1,2
EUAL,Y65,Private,1,5.3,0,4,4,3,1,1,0,2,1
LOXY,Y65,Private,1,3.4,2,3,3,3,0,1,1,2,1
PYCO,Y65,Private,1,8.3,2,3,3,0,0,0,0,2,2
SYVU,Y65,Private,1,3.5,1,3,3,3,0,1,0,2,1
THOC,Y65,Private,10,15,0,4,3,1,1,1,1,5,3
VILACO,Y65,Private,1,5.3,1,2,4,2,1,0,0,1,1
ACFR,Y66,Private,1,15,2,2,3,1,1,1,0,1,2
CTCO,Y66,Private,1,3.8,1,2,4,3,0,1,0,2,3
PIPU,Y66,Private,1,13.5,0,3,3,1,1,1,1,5,3
PRSE,Y66,Private,1,16.5,2,2,3,0,0,0,0,2,3
PRVI,Y66,Private,1,8.5,1,3,3,0,0,0,0,2,1
SOTO,Y66,Private,1,18.3,2,3,4,0,0,0,0,3,1
SYRE,Y66,Private,5,7.5,1,2,3,0,0,1,1,2,1
CEOC,Y67,Private,2,15,2,3,4,0,1,0,0,2,2
LOXY,Y67,Private,1,3.4,2,3,3,3,0,1,1,2,1
PODE,Y67,Private,1,26.5,2,1,2,0,1,1,0,2,2
SYVU,Y67,Private,1,3.5,1,3,3,3,0,1,0,2,1
THOC,Y67,Private,4,15,0,4,3,1,1,1,1,5,3
SYVU,Y68,Private,1,3.5,1,3,3,3,0,1,0,2,1
THOC,Y68,Private,1,15,0,4,3,1,1,1,1,5,3
ACNE,Y69,Private,3,12,2,4,4,0,1,1,0,3,3
CTCO,Y69,Private,1,3.8,1,2,4,3,0,1,0,2,3
LIAM,Y69,Private,1,2.4,2,3,4,3,0,1,0,2,1
RHCA,Y69,Private,2,6.5,1,2,4,3,1,1,0,2,1
SYVU,Y69,Private,1,3.5,1,3,3,3,0,1,0,2,1
ULAM,Y69,Private,3,21,2,3,4,0,1,1,0,2,3
COFL,Y70,Private,1,10.7,1,5,3,2,0,1,0,2,2
MABA,Y70,Private,1,8.5,1,2,3,0,0,0,0,2,3
ACPL,Y71,Private,8,13.5,2,3,3,0,1,1,0,1,2
FRPR,Y71,Private,1,27.4,2,3,2,0,1,1,0,3,2
PIGL,Y71,Private,1,15,1,5,3,1,1,1,1,5,3
PRVI,Y71,Private,1,8.5,1,3,3,0,0,0,0,2,1
THOC,Y71,Private,12,15,0,4,3,1,1,1,1,5,3
CTCO,Y72,Private,1,3.8,1,2,4,3,0,1,0,2,3
EUAL,Y72,Private,2,5.3,0,4,4,3,1,1,0,2,1
ACSA,Y73,Private,1,18,2,4,3,0,1,1,0,1,2
EUAL,Y73,Private,1,5.3,0,4,4,3,1,1,0,2,1
PRDO,Y73,Private,1,9,1,2,3,0,0,0,0,2,1
TACA,Y73,Private,4,1.4,0,4,3,3,1,1,1,5,3
THOC,Y73,Private,2,15,0,4,3,1,1,1,1,5,3
TIAM,Y73,Private,2,21,1,4,3,0,0,1,0,2,2
ACTA,Y74,Private,1,5.5,1,4,4,0,1,1,0,2,2
MAXXLO,Y74,Private,1,4.6,1,4,3,2,0,0,1,2,3
PIAB,Y74,Private,1,15,0,5,2,1,1,1,1,5,3
PYCO,Y74,Private,2,8.3,2,3,3,0,0,0,0,2,2
QUMA,Y74,Private,1,22.5,1,3,4,0,1,1,0,1,2
RHCA,Y74,Private,2,6.5,1,2,4,3,1,1,0,2,1
THOC,Y74,Private,21,15,0,4,3,1,1,1,1,5,3
CTSP,Y75,Private,1,15,2,2,5,0,0,0,0,2,3
PHVI,Y75,Private,1,2.3,1,3,3,3,0,1,1,2,3
SYVU,Y75,Private,2,3.5,1,3,3,3,0,1,0,2,1
TACA,Y75,Private,2,1.4,0,4,3,3,1,1,1,5,3
ABBA,Y76,Private,4,18.5,0,5,1,1,1,1,1,5,3
SOAU,Y76,Private,1,9,1,3,3,3,0,0,0,3,1
THOC,Y76,Private,2,15,0,4,3,1,1,1,1,5,3
HYPA,Y77,Private,1,4.6,2,2,3,3,0,1,1,2,1
PNNI,Y77,Private,1,16.8,1,2,4,1,1,1,1,5,3
AMCA,Y78,Private,4,4,1,3,3,4,0,0,0,2,1
GLTR,Y78,Private,1,15,2,2,5,0,1,0,0,3,3
PRAV,Y78,Private,1,10.7,2,3,3,0,0,0,0,2,1
ACSA,Y79,Private,1,18,2,4,3,0,1,1,0,1,2
THOC,Y79,Private,2,15,0,4,3,1,1,1,1,5,3
ACPL,Y8,Private,1,13.5,2,3,3,0,1,1,0,1,2
SYVU,Y8,Private,1,3.5,1,3,3,3,0,1,0,2,1
THOC,Y8,Private,3,15,0,4,3,1,1,1,1,5,3
TICO,Y8,Private,1,19.5,1,5,3,1,0,1,0,2,2
LOXY,Y80,Private,1,3.4,2,3,3,3,0,1,1,2,1
SYVU,Y80,Private,1,3.5,1,3,3,3,0,1,0,2,1
THOC,Y80,Private,7,15,0,4,3,1,1,1,1,5,3
ULXXFR,Y80,Private,2,12.2,1,4,4,4,1,1,0,2,2
ACPA,Y81,Private,3,6.5,0,5,2,0,1,1,0,1,1
ACSA,Y81,Private,1,18,2,4,3,0,1,1,0,1,2
CHNO,Y81,Private,1,22.9,1,4,2,1,1,1,1,5,2
CHPI,Y81,Private,1,18.3,1,3,3,1,1,1,1,5,3
CTCO,Y81,Private,1,3.8,1,2,4,3,0,1,0,2,3
EUAL,Y81,Private,2,5.3,0,4,4,3,1,1,0,2,1
GIBI,Y81,Private,1,19.5,0,2,4,0,1,0,0,1,2
MGXXSU,Y81,Private,2,5.3,0,3,2,3,0,1,1,2,1
PIAB,Y81,Private,1,15,0,5,2,1,1,1,1,5,3
SYRE,Y81,Private,1,7.5,1,2,3,0,0,1,1,2,1
TACA,Y81,Private,3,1.4,0,4,3,3,1,1,1,5,3
THOC,Y81,Private,11,15,0,4,3,1,1,1,1,5,3
EUAL,Y82,Private,1,5.3,0,4,4,3,1,1,0,2,1
HYQU,Y82,Private,1,1.5,0,4,3,3,0,1,1,1,1
LOMA,Y82,Private,1,4.1,2,4,4,3,0,1,1,2,1
LYCH,Y82,Private,1,1.4,1,2,3,2,0,0,1,2,1
MABA,Y82,Private,2,8.5,1,2,3,0,0,0,0,2,3
PRVI,Y82,Private,2,8.5,1,3,3,0,0,0,0,2,1
RHCA,Y82,Private,1,6.5,1,2,4,3,1,1,0,2,1
ROWO,Y82,Private,2,2,2,3,4,3,0,1,1,2,1
SYVU,Y82,Private,4,3.5,1,3,3,3,0,1,0,2,1
CAAB,Y83,Private,1,17.5,1,2,4,3,0,1,1,2,1
CTCO,Y83,Private,1,3.8,1,2,4,3,0,1,0,2,3
EUAL,Y83,Private,6,5.3,0,4,4,3,1,1,0,2,1
EUAT,Y83,Private,2,4.9,1,3,3,3,0,1,0,2,1
THOC,Y83,Private,37,15,0,4,3,1,1,1,1,5,3
JUCO,Y84,Private,1,2.3,0,2,4,3,1,0,1,5,3
PYCO,Y84,Private,1,8.3,2,3,3,0,0,0,0,2,2
THOC,Y84,Private,6,15,0,4,3,1,1,1,1,5,3
COFL,Y85,Private,1,10.7,1,5,3,2,0,1,0,2,2
LOTA,Y85,Private,1,3.4,2,3,3,3,0,1,1,2,1
PIPU,Y85,Private,1,13.5,0,3,3,1,1,1,1,5,3
PRAV,Y85,Private,1,10.7,2,3,3,0,0,0,0,2,1
PRVI,Y85,Private,2,8.5,1,3,3,0,0,0,0,2,1
SYVU,Y85,Private,2,3.5,1,3,3,3,0,1,0,2,1
ABBA,Y86,Private,1,18.5,0,5,1,1,1,1,1,5,3
ACPL,Y86,Private,1,13.5,2,3,3,0,1,1,0,1,2
CECA,Y86,Private,1,7.5,2,3,4,0,0,1,0,2,3
MABA,Y86,Private,1,8.5,1,2,3,0,0,0,0,2,3
SYVU,Y86,Private,1,3.5,1,3,3,3,0,1,0,2,1
SYVU,Y87,Private,1,3.5,1,3,3,3,0,1,0,2,1
ACPA,Y88,Private,2,6.5,0,5,2,0,1,1,0,1,1
ACPL,Y88,Private,2,13.5,2,3,3,0,1,1,0,1,2
BEPA,Y88,Private,1,18,1,2,2,0,0,1,0,2,1
EUAT,Y88,Private,1,4.9,1,3,3,3,0,1,0,2,1
FRAM,Y88,Private,1,19.5,2,2,3,0,1,1,0,3,2
JUCO,Y88,Private,1,2.3,0,2,4,3,1,0,1,5,3
MGXXSO,Y88,Private,2,7.6,1,3,2,3,0,1,1,2,1
THOC,Y88,Private,1,15,0,4,3,1,1,1,1,5,3
ULAM,Y88,Private,3,21,2,3,4,0,1,1,0,2,3
JUSC,Y89,Private,2,10.7,0,1,5,1,1,1,1,5,3
SYVU,Y89,Private,1,3.5,1,3,3,3,0,1,0,2,1
ULAM,Y89,Private,1,21,2,3,4,0,1,1,0,2,3
ACPA,Y9,Private,1,6.5,0,5,2,0,1,1,0,1,1
ACPL,Y9,Private,1,13.5,2,3,3,0,1,1,0,1,2
THOC,Y9,Private,1,15,0,4,3,1,1,1,1,5,3
TACA,Y90,Private,2,1.4,0,4,3,3,1,1,1,5,3
PIPU,Y91,Private,1,13.5,0,3,3,1,1,1,1,5,3
THOC,Y91,Private,38,15,0,4,3,1,1,1,1,5,3
CEJA,Y92,Private,1,15,2,2,2,0,1,1,0,3,3
PIPU,Y92,Private,2,13.5,0,3,3,1,1,1,1,5,3
ROPS,Y92,Private,1,12,2,1,5,0,0,1,0,3,2
PIPU,Y93,Private,4,13.5,0,3,3,1,1,1,1,5,3
ACSA,YW1,Inst,2,18,2,4,3,0,1,1,0,1,2
CTSP,YW1,Inst,1,15,2,2,5,0,0,0,0,2,3
PIPU,YW1,Inst,1,13.5,0,3,3,1,1,1,1,5,3
RHCA,YW1,Inst,1,6.5,1,2,4,3,1,1,0,2,1
THOC,YW1,Inst,1,15,0,4,3,1,1,1,1,5,3
ACFR,YW2,Inst,1,15,2,2,3,1,1,1,0,1,2
ACNE,YW2,Inst,1,12,2,4,4,0,1,1,0,3,3
CEOC,YW2,Inst,1,15,2,3,4,0,1,0,0,2,2
LOXY,YW2,Inst,1,3.4,2,3,3,3,0,1,1,2,1
ULPU,YW2,Inst,1,18,2,3,4,0,1,1,0,2,2
ACSA,YW3,Inst,2,18,2,4,3,0,1,1,0,1,2
CEOC,YW3,Inst,1,15,2,3,4,0,1,0,0,2,2
ACPL,YW4,Inst,2,13.5,2,3,3,0,1,1,0,1,2
THOC,YW4,Inst,9,15,0,4,3,1,1,1,1,5,3
ACPL,YW5,Inst,2,13.5,2,3,3,0,1,1,0,1,2
EUAL,YW5,Inst,1,5.3,0,4,4,3,1,1,0,2,1
ACFR,YW6,Inst,1,15,2,2,3,1,1,1,0,1,2
ACNE,YW6,Inst,1,12,2,4,4,0,1,1,0,3,3
ACPL,YW6,Inst,3,13.5,2,3,3,0,1,1,0,1,2
ACSA,YW6,Inst,2,18,2,4,3,0,1,1,0,1,2
ACSA,YW7,Inst,4,18,2,4,3,0,1,1,0,1,2
ACPL,YW8,Inst,3,13.5,2,3,3,0,1,1,0,1,2
ACSA,YW8,Inst,2,18,2,4,3,0,1,1,0,1,2
THOC,YW8,Inst,3,15,0,4,3,1,1,1,1,5,3
